firstflrsf,GrLivArea,LotArea,GarageArea,BsmtUnfSF,TotalBsmtSF,LotFrontage,GarageYrBlt,MoSold,YearBuilt
856,1710,8450,548,150,856,65.0,2003.0,2,2003
1262,1262,9600,460,284,1262,80.0,1976.0,5,1976
920,1786,11250,608,434,920,68.0,2001.0,9,2001
961,1717,9550,642,540,756,60.0,1998.0,2,1915
1145,2198,14260,836,490,1145,84.0,2000.0,12,2000
796,1362,14115,480,64,796,85.0,1993.0,10,1993
1694,1694,10084,636,317,1686,75.0,2004.0,8,2004
1107,2090,10382,484,216,1107,0.0,1973.0,11,1973
1022,1774,6120,468,952,952,51.0,1931.0,4,1931
1077,1077,7420,205,140,991,50.0,1939.0,1,1939
1040,1040,11200,384,134,1040,70.0,1965.0,2,1965
1182,2324,11924,736,177,1175,85.0,2005.0,7,2005
912,912,12968,352,175,912,0.0,1962.0,9,1962
1494,1494,10652,840,1494,1494,91.0,2006.0,8,2006
1253,1253,10920,352,520,1253,0.0,1960.0,5,1960
854,854,6120,576,832,832,51.0,1991.0,7,1929
1004,1004,11241,480,426,1004,0.0,1970.0,3,1970
1296,1296,10791,516,0,0,72.0,1967.0,10,1967
1114,1114,13695,576,468,1114,66.0,2004.0,6,2004
1339,1339,7560,294,525,1029,70.0,1958.0,5,1958
1158,2376,14215,853,1158,1158,101.0,2005.0,11,2005
1108,1108,7449,280,637,637,57.0,1930.0,6,1930
1795,1795,9742,534,1777,1777,75.0,2002.0,9,2002
1060,1060,4224,572,200,1040,44.0,1976.0,6,1976
1060,1060,8246,270,204,1060,0.0,1968.0,5,1968
1600,1600,14230,890,1566,1566,110.0,2007.0,7,2007
900,900,7200,576,180,900,60.0,2005.0,5,1951
1704,1704,11478,772,486,1704,98.0,2008.0,5,2007
1600,1600,16321,319,207,1484,47.0,1957.0,12,1957
520,520,6324,240,520,520,60.0,1920.0,5,1927
1228,1228,8544,271,1228,1228,0.0,1966.0,6,1966
1234,1234,11049,484,1234,1234,85.0,2007.0,1,2007
1700,1700,10552,447,380,1398,70.0,1959.0,4,1959
1561,1561,7313,556,408,1561,60.0,2005.0,8,2005
1132,2452,13418,691,1117,1117,108.0,2004.0,9,2004
1097,1097,10859,672,1097,1097,112.0,1995.0,6,1994
1297,1297,8532,498,84,1297,74.0,1954.0,10,1954
1057,1057,7922,246,326,1057,68.0,1953.0,1,1953
1152,1152,6040,0,0,0,65.0,1979.0,6,1955
1324,1324,8658,440,445,1088,84.0,1965.0,12,1965
1328,1328,16905,308,383,1350,115.0,1959.0,7,1959
884,884,9180,504,0,840,0.0,1983.0,12,1983
938,938,9200,308,167,938,0.0,1977.0,7,1975
1150,1150,7945,300,465,1150,70.0,1959.0,5,1959
1752,1752,7658,576,1296,1752,61.0,2005.0,2,2005
1518,2149,12822,670,83,1434,48.0,2003.0,8,2003
1656,1656,11096,826,1632,1656,84.0,2006.0,7,2006
736,1452,4456,0,736,736,33.0,1979.0,6,1920
955,955,7742,386,192,955,66.0,1966.0,1,1966
794,1470,13869,388,612,794,0.0,1997.0,7,1997
816,1176,6240,528,816,816,52.0,1985.0,9,1934
816,816,8472,516,0,816,110.0,1963.0,5,1963
1842,1842,50271,894,32,1842,68.0,1981.0,11,1981
1360,1360,7134,572,0,384,60.0,1962.0,2,1955
1425,1425,10175,576,935,1425,100.0,1964.0,7,1964
983,1739,2645,480,321,970,24.0,1999.0,8,1999
860,1720,11645,565,860,860,89.0,2004.0,8,2004
1426,2945,13682,641,1410,1410,66.0,2006.0,10,2006
780,780,7200,352,148,780,60.0,1973.0,1,1972
1158,1158,13072,576,217,1158,63.0,2006.0,5,2004
581,1111,7200,288,530,530,60.0,1935.0,3,1920
1370,1370,6442,484,1346,1370,44.0,2006.0,10,2006
902,1710,10300,480,576,576,50.0,1990.0,4,1921
1057,2034,9375,645,318,1057,0.0,1998.0,2,1997
1143,2473,9591,852,1143,1143,76.0,2004.0,10,2004
2207,2207,19900,576,1035,1947,0.0,1970.0,7,1970
1479,1479,10665,558,440,1453,72.0,2003.0,6,2003
747,747,4608,220,747,747,47.0,1945.0,6,1945
1304,2287,15593,667,701,1304,81.0,1953.0,7,1953
2223,2223,13651,516,343,2223,95.0,1973.0,2,1973
845,845,7599,360,280,845,69.0,1987.0,6,1982
885,1718,10141,427,832,832,74.0,1998.0,12,1998
1086,1086,10200,490,404,1086,85.0,1989.0,5,1954
840,1605,5790,379,840,840,60.0,1915.0,5,1915
526,988,1596,297,0,462,21.0,1973.0,11,1973
952,952,8475,283,724,952,0.0,1956.0,4,1956
1072,1285,8635,240,295,672,50.0,1948.0,1,1948
1768,1768,10778,0,1768,1768,72.0,1979.0,4,1968
682,1230,10440,440,440,440,60.0,1966.0,5,1910
1182,2142,13000,509,448,896,100.0,1968.0,6,1968
1337,1337,4500,405,36,1237,32.0,1998.0,3,1998
1563,1563,10206,758,1530,1563,78.0,2007.0,10,2007
1065,1065,8892,461,1065,1065,80.0,1974.0,7,1960
804,1474,8530,400,384,384,0.0,1995.0,5,1995
1301,2417,16059,462,1288,1288,121.0,1991.0,4,1991
684,1560,11911,400,684,684,122.0,2005.0,3,2005
612,1224,3951,528,612,612,40.0,2009.0,6,2009
990,990,8070,0,402,990,60.0,1979.0,8,1994
1040,1040,7200,420,0,0,60.0,1950.0,7,1950
1235,1235,8500,480,635,1235,85.0,1961.0,12,1961
964,964,13360,432,163,876,80.0,1921.0,8,1921
905,1786,9337,684,176,824,69.0,1997.0,5,1997
680,1470,9765,420,370,680,0.0,1993.0,4,1993
1588,1588,10264,472,426,1588,78.0,1999.0,8,1999
960,960,10921,432,440,960,73.0,1965.0,5,1965
835,835,10625,366,350,458,85.0,1920.0,5,1920
1225,1225,9320,0,381,950,77.0,1979.0,1,1959
1610,1610,10603,480,410,1610,0.0,1977.0,2,1977
977,1732,9206,476,741,741,77.0,1985.0,6,1985
1535,1535,7018,410,0,0,64.0,1979.0,6,1979
1226,1226,10402,740,1226,1226,94.0,2009.0,5,2009
1226,1818,7758,240,816,1040,0.0,1951.0,6,1931
1053,1992,9375,648,1053,1053,75.0,2003.0,8,2003
1047,1047,10800,273,641,641,60.0,1954.0,8,1885
789,789,6000,250,516,789,50.0,1948.0,4,1948
997,1517,8500,0,793,793,85.0,1979.0,8,1919
1844,1844,11751,546,1139,1844,105.0,1977.0,1,1977
1216,1855,9525,325,550,994,75.0,1954.0,10,1954
774,1430,7750,400,134,384,0.0,2000.0,4,2000
1282,2696,9965,792,280,1264,77.0,2007.0,10,2007
2259,2259,21000,450,905,1809,0.0,1953.0,10,1953
1436,2320,7259,180,104,1028,61.0,1945.0,7,1945
729,1458,3230,440,310,729,34.0,1999.0,6,1999
1092,1092,11616,288,252,1092,0.0,1962.0,9,1962
1125,1125,8536,430,1125,1125,74.0,2007.0,4,2006
1699,3222,12376,594,203,1673,90.0,1990.0,5,1990
728,1456,8461,390,728,728,65.0,2005.0,7,2005
988,988,21453,540,0,938,0.0,1969.0,10,1969
772,1123,6060,264,732,732,50.0,1979.0,6,1939
1080,1080,9464,288,510,1080,75.0,1958.0,6,1958
1199,1199,7892,530,899,1199,55.0,1993.0,3,1993
1586,1586,17043,435,1362,1362,48.0,1979.0,1,1979
520,754,6780,0,30,520,60.0,1979.0,6,1935
958,958,4928,440,958,1078,0.0,1977.0,2,1976
840,840,4388,0,556,672,55.0,1979.0,6,1930
660,1348,7590,453,148,660,69.0,1966.0,7,1966
1053,1053,8973,750,413,1008,69.0,1998.0,7,1958
1216,2157,14200,487,479,924,88.0,1966.0,5,1966
1022,2054,12224,390,297,992,0.0,2000.0,7,2000
1327,1327,7388,624,658,1063,75.0,1974.0,7,1959
1296,1296,6853,471,262,1267,0.0,2001.0,6,2001
1721,1721,10335,440,891,1461,78.0,1968.0,7,1968
1682,1682,10400,530,1304,1304,80.0,1970.0,5,1970
1214,1214,10355,318,519,1214,0.0,1967.0,7,1967
1959,1959,11070,766,1907,1907,82.0,1989.0,7,1988
1004,1852,9066,660,336,1004,73.0,1999.0,12,1999
928,1764,15426,470,107,928,65.0,1997.0,8,1997
864,864,10500,0,432,864,70.0,1979.0,4,1971
1734,1734,11645,660,434,1734,78.0,2005.0,1,2005
910,1385,8520,720,403,910,71.0,2000.0,6,1952
1501,1501,10335,577,811,1490,78.0,1999.0,6,1999
1728,1728,9100,504,396,1728,70.0,1963.0,11,1963
970,1709,2522,380,970,970,24.0,2004.0,4,2004
875,875,6120,180,506,715,51.0,1931.0,11,1931
884,2035,9505,434,884,884,0.0,2001.0,5,2001
1080,1080,7500,0,400,1080,63.0,1979.0,4,2004
896,1344,6240,240,896,896,0.0,1936.0,4,1936
969,969,10356,440,253,969,120.0,1975.0,1,1975
1710,1710,13891,866,310,1710,107.0,2007.0,1,2007
1097,1993,14803,495,409,825,0.0,1971.0,6,1971
1252,1252,13500,564,93,1602,0.0,1960.0,3,1960
1200,1200,11340,312,1200,1200,84.0,1923.0,3,1923
572,1096,9600,0,572,572,60.0,1979.0,4,1924
1040,1040,7200,625,0,0,60.0,1950.0,6,1950
774,1968,12003,680,774,774,92.0,2009.0,5,2009
991,1947,12552,678,769,991,100.0,2004.0,5,2004
1392,2462,19378,576,1335,1392,134.0,2006.0,3,2005
1232,1232,11120,516,572,1232,0.0,1984.0,6,1984
1572,2668,13688,726,556,1572,110.0,2003.0,3,2003
1541,1541,12182,532,340,1541,95.0,2005.0,5,2005
882,882,5500,0,882,882,55.0,1979.0,4,1956
1149,1616,5400,216,779,1149,40.0,1926.0,10,1926
808,1355,10106,0,112,644,62.0,1979.0,9,1940
1867,1867,10708,303,470,1617,0.0,1955.0,11,1955
1610,2161,10562,789,294,1582,86.0,2007.0,11,2007
840,1720,8244,440,840,840,62.0,2004.0,5,2004
1707,1707,16669,511,1686,1686,0.0,1981.0,1,1981
854,1382,12358,660,360,720,0.0,1991.0,5,1941
1656,1656,31770,528,441,1080,141.0,1960.0,5,1960
1064,1767,5306,504,354,1064,44.0,1987.0,6,1987
1362,1362,10197,504,700,1362,80.0,1961.0,6,1961
1651,1651,12416,616,0,1606,47.0,1986.0,11,1986
2158,2158,12615,576,725,1202,84.0,1950.0,6,1950
1164,2060,10029,521,320,1151,97.0,1988.0,9,1988
1252,1920,13650,451,554,1052,0.0,1958.0,7,1958
2234,2234,17423,1166,312,2216,63.0,2009.0,7,2008
968,968,8520,480,968,968,60.0,1935.0,7,1923
769,1525,2117,440,320,756,0.0,2000.0,6,2000
901,1802,7588,216,441,793,54.0,1920.0,7,1920
1340,1340,9060,252,0,0,60.0,1957.0,6,1957
1362,2082,11426,484,1362,1362,63.0,2003.0,6,2003
936,1252,7438,576,504,504,92.0,1986.0,6,1908
1518,3608,22950,840,1107,1107,90.0,1993.0,6,1892
1217,1217,9947,497,577,1188,0.0,1990.0,6,1990
808,1656,10410,180,660,660,60.0,1916.0,8,1916
1224,1224,7018,528,0,1086,64.0,1979.0,6,1979
1593,1593,4923,682,440,1593,41.0,2001.0,8,2001
1549,2727,10570,440,556,853,70.0,1932.0,12,1932
725,1479,7472,484,99,725,0.0,1972.0,6,1972
1431,1431,9017,666,871,1431,68.0,1999.0,9,1999
970,1709,2522,380,970,970,24.0,2004.0,5,2004
864,864,7180,352,474,864,60.0,1989.0,5,1972
855,1456,2280,440,289,855,24.0,1976.0,7,1976
1726,1726,9416,786,600,1726,79.0,2007.0,9,2007
1360,3112,25419,795,140,1360,174.0,1918.0,3,1918
929,2229,5520,0,755,755,92.0,1979.0,7,1912
1713,1713,9591,856,625,1713,76.0,2004.0,1,2004
1121,1121,8546,440,1121,1121,80.0,2003.0,3,2003
1279,1279,10125,473,276,1196,75.0,1980.0,2,1977
865,1310,7000,398,0,617,50.0,1924.0,5,1924
848,848,4438,420,186,848,0.0,2004.0,1,2004
720,1284,3500,240,408,720,50.0,1948.0,4,1947
1442,1442,11851,500,1424,1424,99.0,1990.0,5,1990
1696,1696,13673,349,1140,1140,40.0,1962.0,3,1962
1100,1100,12493,312,375,1100,0.0,1960.0,4,1960
1180,2062,14364,454,92,1157,0.0,1988.0,4,1988
1092,1092,8250,504,305,1092,75.0,1964.0,7,1964
864,864,5604,0,396,864,67.0,1979.0,4,1925
1212,1212,10420,460,1176,1212,83.0,2009.0,3,2009
932,1852,8640,644,78,900,72.0,2009.0,7,2009
990,990,13568,576,274,990,43.0,1996.0,7,1995
689,1392,10900,299,311,689,0.0,1977.0,3,1977
1236,1236,10011,447,710,1070,72.0,1957.0,5,1957
1436,1436,8450,484,490,1436,65.0,2004.0,4,2004
810,1328,9906,210,686,686,57.0,1940.0,9,1925
1137,1954,15660,431,457,798,0.0,1939.0,5,1939
1248,1248,3010,438,1232,1248,43.0,2005.0,3,2005
1498,1498,8990,675,1498,1498,73.0,2006.0,4,2006
1010,2267,8068,390,1010,1010,0.0,2002.0,12,2002
811,1552,11475,434,163,713,85.0,1975.0,2,1975
864,864,10500,576,160,864,70.0,1989.0,3,1971
2392,2392,13472,968,2336,2392,103.0,2003.0,6,2003
630,1302,1680,280,630,630,21.0,1991.0,5,1971
1214,2520,9950,721,638,1203,82.0,1995.0,6,1995
483,987,1869,280,162,483,21.0,1987.0,9,1970
912,912,8521,336,70,912,70.0,1974.0,5,1967
1555,1555,3182,430,1357,1373,43.0,2005.0,5,2005
1194,1194,8760,312,1194,1194,73.0,1959.0,4,1959
1490,2794,15138,810,773,1462,174.0,1995.0,7,1995
483,987,1680,288,483,483,21.0,1972.0,6,1972
894,894,10650,308,0,894,75.0,1976.0,2,1976
860,1960,7851,440,235,860,0.0,2002.0,5,2002
483,987,1680,264,125,483,21.0,1971.0,8,1971
1414,1414,8773,494,1390,1414,65.0,2004.0,5,2004
1014,1744,9453,457,594,996,0.0,1993.0,2,1993
1694,1694,12030,818,1694,1694,93.0,2007.0,12,2007
798,1487,8741,220,641,735,52.0,1949.0,4,1945
1566,1566,9000,750,488,1566,75.0,2008.0,4,2008
866,866,3880,0,357,686,40.0,1979.0,8,1945
889,1440,5000,352,540,540,63.0,1940.0,4,1900
626,1217,10762,288,626,626,75.0,1980.0,4,1980
1222,2110,8880,463,253,948,0.0,1994.0,5,1994
1872,1872,10400,604,916,1845,80.0,1988.0,6,1988
908,1928,9142,440,1020,1020,69.0,1910.0,4,1910
1375,1375,11310,451,1367,1367,75.0,1954.0,6,1954
840,1668,11317,500,840,840,72.0,2003.0,9,2003
1444,2144,159000,389,747,1444,0.0,1958.0,6,1958
1306,1306,5350,0,728,728,55.0,1979.0,5,1940
1625,1625,4750,538,0,1573,44.0,2006.0,12,2006
798,1640,8366,520,798,798,65.0,2004.0,12,2004
1302,1302,9350,309,452,1302,85.0,1964.0,10,1964
1314,1314,8400,294,392,1314,70.0,1957.0,6,1957
1005,2291,8738,429,975,975,66.0,1999.0,2,1999
864,1728,8791,673,361,864,64.0,2003.0,5,2003
1604,1604,8814,660,270,1604,68.0,2006.0,3,2006
963,1792,12435,564,602,963,80.0,2001.0,5,2001
882,882,12702,308,0,0,70.0,1956.0,12,1956
1382,1382,19296,884,0,1362,120.0,1991.0,5,1962
1482,2574,9588,868,1482,1482,69.0,2007.0,11,2007
1212,1212,8471,492,0,506,88.0,1978.0,7,1977
926,1316,5500,484,0,926,50.0,1974.0,4,1929
764,764,5232,504,680,680,30.0,1965.0,6,1925
1422,1422,12090,576,606,1422,78.0,1981.0,6,1981
802,1511,11207,413,88,802,70.0,1997.0,6,1997
1052,2192,8400,240,342,720,60.0,1939.0,7,1939
778,778,6900,924,212,740,71.0,1966.0,2,1940
1113,1113,7917,504,392,1143,0.0,1987.0,5,1976
1095,1939,10728,1053,1095,1095,84.0,2006.0,8,2006
1363,1363,39104,439,96,1385,73.0,1954.0,4,1954
1164,2270,11764,671,628,1152,92.0,1999.0,4,1999
1632,1632,9600,338,0,1240,80.0,1958.0,4,1958
816,816,8314,264,270,816,76.0,1982.0,6,1982
952,1548,7264,672,952,952,55.0,1978.0,10,1925
1560,1560,9196,573,1560,1560,129.0,2003.0,4,2003
864,864,19138,400,744,864,140.0,1951.0,6,1951
2121,2121,14450,732,2121,2121,107.0,2007.0,5,2006
1156,2022,10005,505,768,1160,83.0,1977.0,3,1977
1175,1982,11287,575,386,807,82.0,1989.0,1,1989
1262,1262,7200,572,357,1262,60.0,2006.0,5,2006
1314,1314,5063,626,410,1314,34.0,2008.0,4,2007
1468,1468,9612,898,1468,1468,74.0,2008.0,12,2008
1575,1575,8012,529,1145,1575,50.0,1992.0,7,1992
625,1250,4251,528,625,625,35.0,2006.0,6,2006
1085,1734,9786,440,312,912,77.0,1962.0,6,1962
858,858,8125,0,244,858,0.0,1979.0,6,1971
900,900,9819,280,432,882,0.0,1970.0,2,1967
698,1396,8730,384,698,698,60.0,2003.0,7,1915
1079,1919,15611,685,1079,1079,120.0,2006.0,7,2006
936,1716,5687,0,570,780,55.0,1979.0,3,1912
1148,1716,11409,281,476,768,60.0,1949.0,1,1949
1468,2263,16659,539,0,795,0.0,1977.0,3,1977
1644,1644,9600,418,131,1416,80.0,1953.0,10,1953
1003,1003,7937,588,184,1003,37.0,1984.0,3,1984
910,1558,13710,282,490,910,75.0,1950.0,6,1950
975,1950,7399,576,326,975,66.0,1997.0,6,1997
1041,1743,11700,539,143,702,90.0,1968.0,6,1968
1152,1152,14000,300,1092,1092,80.0,1950.0,8,1950
1336,1336,15750,375,324,1165,90.0,1953.0,6,1953
1210,2452,16226,683,747,1028,66.0,1998.0,5,1998
1541,1541,13704,843,1541,1541,118.0,2001.0,1,2001
894,894,9800,552,0,894,70.0,1975.0,7,1972
1675,3493,18386,870,1470,1470,87.0,2003.0,5,1880
2000,2000,10386,888,536,2000,80.0,2004.0,7,2004
1122,2243,13474,746,0,700,116.0,1990.0,6,1990
1035,1406,7920,0,319,319,0.0,1979.0,3,1920
861,861,12342,539,599,861,0.0,1961.0,3,1940
1944,1944,12378,708,622,1896,90.0,2003.0,11,2003
697,1501,7685,420,179,697,0.0,1993.0,5,1993
972,972,8000,240,292,972,50.0,1948.0,5,1948
793,1118,7800,410,286,793,65.0,1939.0,5,1939
2036,2036,215245,513,80,2136,150.0,1965.0,6,1965
832,1641,9600,546,712,728,60.0,1925.0,8,1925
716,1432,7795,432,291,716,71.0,2004.0,7,2004
1153,2353,13005,484,153,845,94.0,1983.0,8,1980
1088,1959,9000,1025,1088,1088,75.0,2006.0,12,2006
1372,2646,9900,656,360,1347,90.0,1993.0,4,1993
1472,1472,14115,588,336,1372,0.0,1980.0,6,1980
1249,2596,16259,840,1249,1249,111.0,2006.0,9,2006
1136,2468,12099,872,166,1136,99.0,2004.0,6,2004
1553,2730,10380,576,0,1502,86.0,1987.0,8,1986
1163,1163,5820,220,906,1162,49.0,1955.0,7,1955
1898,2978,11275,564,710,710,96.0,1961.0,6,1967
803,803,5000,360,604,720,50.0,1941.0,12,1941
1719,1719,10846,473,100,1719,32.0,1993.0,5,1993
1383,1383,11600,292,818,1383,80.0,1960.0,4,1960
1445,2134,11888,441,844,844,0.0,1930.0,7,1916
596,1192,6402,189,596,596,60.0,1920.0,7,1920
1728,1728,10624,352,1424,1728,0.0,2002.0,11,1964
1056,1056,8176,308,210,1056,70.0,1958.0,8,1958
1629,1629,10655,880,1603,3206,85.0,2003.0,10,2003
1358,1358,8198,484,638,1358,59.0,2004.0,7,2004
943,1638,9042,472,115,943,59.0,1998.0,7,1998
1619,1786,164660,529,103,1499,0.0,1965.0,8,1965
1922,1922,14157,676,673,1922,86.0,2005.0,7,2005
1536,1536,9135,532,726,1536,70.0,2002.0,12,2002
1621,1621,14145,440,995,1208,91.0,1984.0,5,1984
1215,1215,12400,297,630,1215,66.0,1958.0,6,1958
993,1908,14191,431,967,967,85.0,2002.0,4,2002
841,841,8400,294,721,721,60.0,1950.0,9,1950
1040,1040,8544,400,0,0,0.0,1949.0,5,1949
1684,1684,8849,564,1656,1684,63.0,2005.0,7,2005
536,1112,2592,336,175,536,36.0,1976.0,4,1976
972,1577,6435,312,972,972,65.0,1939.0,10,1939
958,958,12772,301,460,958,0.0,1960.0,4,1960
1478,1478,17600,498,208,1478,0.0,1960.0,12,1960
764,1626,2448,474,191,764,36.0,2003.0,10,2003
1848,2728,20431,706,438,1848,56.0,2006.0,4,2005
1869,1869,7820,617,1869,1869,68.0,2007.0,12,2007
1453,1453,5271,445,371,1453,0.0,1986.0,12,1986
616,1111,9084,200,0,616,60.0,1941.0,3,1941
720,720,8520,484,624,624,60.0,2005.0,5,1928
1192,1595,8400,240,552,940,60.0,1940.0,6,1940
1200,1200,11249,521,322,1200,105.0,1995.0,8,1995
1167,1167,9248,400,598,1158,0.0,1992.0,7,1992
1142,1142,4224,528,268,1142,44.0,1976.0,8,1976
1352,1352,6930,288,468,1062,92.0,1958.0,7,1958
1086,1924,12011,592,130,1086,78.0,1998.0,6,1998
912,912,7540,470,115,888,0.0,1978.0,6,1978
988,1505,9144,240,484,883,0.0,1940.0,7,1940
495,1922,7301,672,0,0,64.0,2003.0,7,2003
483,987,1680,264,321,483,21.0,1972.0,5,1972
790,1574,18800,566,84,796,0.0,1976.0,7,1976
672,1344,10690,468,216,672,59.0,1964.0,7,1920
1394,1394,9500,514,785,1394,0.0,1963.0,7,1963
1431,1431,9150,296,728,1099,101.0,1962.0,12,1962
1268,1268,7800,244,728,1268,78.0,1954.0,3,1954
1287,1287,9830,576,733,1063,0.0,1997.0,3,1959
953,1664,8121,460,953,953,0.0,2000.0,1,2000
1120,1588,17120,680,0,0,80.0,1991.0,7,1959
752,752,7175,264,0,744,50.0,1984.0,2,1984
1319,1319,10634,270,0,608,79.0,1953.0,11,1953
847,1928,8200,434,847,847,65.0,2003.0,7,2003
904,904,10020,0,333,683,0.0,1979.0,3,1922
914,914,8846,576,572,870,57.0,1998.0,7,1996
1580,2466,11143,610,1580,1580,102.0,2004.0,12,2004
1856,1856,11394,834,411,1856,88.0,2010.0,6,2010
1007,1800,8123,463,982,982,60.0,2000.0,6,2000
1026,1691,5000,308,808,1026,50.0,1924.0,5,1924
1301,1301,7200,572,1293,1293,60.0,2006.0,8,2006
939,1797,9245,639,939,939,79.0,2006.0,4,2006
784,784,9000,360,784,784,60.0,1950.0,10,1928
1079,1953,53107,501,595,1580,0.0,1992.0,6,1992
1269,1269,3182,430,1232,1256,43.0,2004.0,4,2004
658,1184,8410,0,658,658,58.0,1979.0,5,1910
1125,1125,7200,352,410,1041,72.0,1977.0,10,1976
1479,1479,9382,577,1468,1468,93.0,1999.0,7,1999
1742,2332,12474,846,402,1682,96.0,2008.0,8,2007
961,1367,8405,384,229,861,50.0,1978.0,4,1900
804,1961,12209,560,114,804,71.0,2001.0,6,2001
882,882,8339,294,0,0,0.0,1959.0,7,1959
788,788,7446,0,522,788,0.0,1979.0,4,1941
735,1034,10134,240,735,735,60.0,1940.0,7,1940
1144,1144,9571,596,405,1144,68.0,1956.0,6,1956
894,894,7200,600,117,894,60.0,1985.0,9,1972
876,1812,7590,264,324,864,69.0,1962.0,7,1962
1077,1077,8967,338,961,961,60.0,1920.0,11,1920
1112,1550,8125,438,280,1092,65.0,2007.0,10,2006
1288,1288,14963,500,474,1260,38.0,1996.0,12,1996
1310,1310,8767,400,1286,1310,65.0,2005.0,7,2005
672,672,10200,240,672,672,60.0,1940.0,8,1940
1165,2263,12090,420,1141,1141,93.0,1998.0,7,1998
806,1572,10364,373,806,806,0.0,1995.0,5,1995
1620,1620,9991,490,165,1281,0.0,1993.0,6,1976
1166,1639,10480,240,1064,1064,51.0,1936.0,3,1936
840,1680,15576,308,840,840,63.0,1960.0,3,1915
1071,2172,14154,947,1063,1063,109.0,2006.0,8,2006
1050,2078,10800,836,245,1034,85.0,2008.0,4,2007
1276,1276,9571,350,1276,1276,68.0,1958.0,6,1958
1056,1056,34650,572,0,1056,100.0,1955.0,1,1955
1478,1478,4403,484,892,1470,0.0,2009.0,6,2009
1028,1028,8960,360,1008,1008,56.0,1927.0,3,1927
1080,2097,11228,678,499,1080,59.0,1993.0,12,1993
1340,1340,8899,396,1316,1340,73.0,2007.0,8,2007
672,1400,7844,440,463,672,74.0,1978.0,3,1978
1370,2624,22420,864,242,1370,86.0,1918.0,11,1918
756,1134,8160,240,444,756,60.0,1940.0,4,1940
1056,1056,8450,304,281,1056,65.0,1968.0,7,1968
1344,1344,7060,784,35,1344,78.0,1997.0,11,1997
1602,1602,16635,529,356,1602,0.0,1977.0,6,1977
988,988,21750,520,988,988,100.0,1954.0,2,1954
1470,2630,9200,696,484,1470,80.0,1998.0,6,1998
1196,1196,9000,297,580,1196,72.0,1956.0,5,1956
707,1389,3378,240,651,651,60.0,1947.0,9,1946
1644,1644,12800,569,0,1518,0.0,1989.0,8,1989
907,907,8593,352,619,907,77.0,1964.0,7,1957
1208,1208,6762,628,544,1208,64.0,2007.0,9,2007
1412,1412,11457,576,387,1392,130.0,1988.0,3,1988
483,987,1680,264,96,483,21.0,1971.0,7,1971
1088,1198,5586,0,901,901,60.0,1979.0,9,1920
765,1365,1920,440,294,765,24.0,1971.0,8,1971
926,1604,10839,470,926,926,100.0,1997.0,7,1997
630,630,1890,0,135,630,21.0,1979.0,6,1972
827,1661,10667,550,70,799,43.0,1996.0,4,1996
734,1118,4400,440,648,648,40.0,1990.0,10,1920
904,904,6000,180,884,884,50.0,1926.0,1,1926
694,694,4280,352,75,440,40.0,1990.0,3,1913
684,1196,12354,528,684,684,67.0,2005.0,8,1920
2402,2402,15431,672,788,3094,105.0,2008.0,4,2008
1440,1440,12108,0,1307,1440,92.0,1979.0,9,1955
1128,1573,6240,360,1078,1078,52.0,1930.0,6,1930
1258,1258,3922,648,1258,1258,53.0,2007.0,6,2006
933,1908,8750,493,273,915,70.0,1994.0,7,1994
1689,1689,9855,480,1436,1436,73.0,1956.0,11,1956
1888,1888,16492,578,557,1517,137.0,1966.0,6,1966
956,1886,11214,431,930,930,0.0,1998.0,7,1998
780,1376,8600,198,780,780,50.0,1937.0,6,1937
679,1183,6000,308,318,649,50.0,1981.0,6,1948
813,813,5684,270,813,813,70.0,1932.0,6,1930
1533,1533,70761,576,878,1533,62.0,1975.0,12,1975
888,1756,9303,422,130,872,0.0,1996.0,7,1996
786,1590,9000,676,768,768,75.0,2008.0,6,2008
1728,1728,9297,560,122,1728,63.0,1976.0,7,1976
1242,1242,9600,528,326,1242,80.0,1973.0,9,1973
624,1344,4571,513,624,624,34.0,1916.0,5,1916
1663,1663,53227,529,248,1364,0.0,1954.0,3,1954
833,1666,5100,228,588,588,0.0,1925.0,6,1925
979,1203,7015,352,524,709,0.0,1950.0,7,1950
832,1935,8004,552,288,832,75.0,2009.0,12,2009
575,1135,7200,576,0,560,60.0,1971.0,4,1936
864,864,8281,360,0,864,60.0,1965.0,12,1965
849,1660,11988,240,389,715,74.0,1939.0,8,1934
1040,1040,8430,0,424,1040,60.0,1979.0,8,1978
1414,1414,3072,398,1375,1375,0.0,2004.0,5,2004
1277,1277,10628,526,499,1277,85.0,1970.0,4,1970
888,1644,9480,312,342,728,79.0,1942.0,6,1942
1634,1634,11428,866,1626,1626,98.0,2006.0,5,2006
832,1710,9291,506,406,832,76.0,1993.0,6,1993
1502,1502,6820,528,0,1488,0.0,1985.0,6,1985
1161,1969,11952,534,808,808,92.0,1977.0,11,1977
1072,1072,3675,525,88,547,35.0,2005.0,6,2005
1976,1976,14977,908,626,1976,110.0,2006.0,7,2006
1652,1652,5330,499,298,1494,41.0,2000.0,8,2000
970,970,8480,624,340,970,80.0,1996.0,7,1963
1493,1493,13125,508,484,1478,75.0,1997.0,4,1997
2069,2643,13693,694,2153,2153,105.0,2006.0,3,2006
1718,1718,10637,826,417,1705,79.0,2007.0,9,2007
1131,1131,5925,672,739,907,50.0,1995.0,3,1937
1850,1850,16033,772,572,1833,98.0,2004.0,3,2004
1792,1792,11846,874,225,1792,72.0,2003.0,8,2003
916,1826,2500,164,611,910,50.0,1915.0,6,1915
1216,1216,4500,402,319,1216,32.0,1998.0,5,1998
999,999,7758,264,411,999,0.0,1963.0,3,1962
1113,1113,9600,264,506,1113,80.0,1950.0,7,1950
1073,1073,10289,515,237,1073,79.0,1965.0,6,1965
1484,1484,12243,487,486,1484,70.0,1971.0,2,1971
1766,2414,10800,520,290,954,60.0,1970.0,5,1900
630,630,1526,286,115,630,21.0,1970.0,5,1970
616,1304,2665,336,264,264,0.0,1976.0,6,1976
958,1578,9490,240,238,806,79.0,1941.0,8,1941
728,1456,15578,429,728,728,105.0,2006.0,5,2006
1269,1269,7931,308,363,1269,70.0,1964.0,6,1960
886,886,5784,273,190,190,50.0,1938.0,12,1938
3228,3228,12692,546,1969,3200,0.0,1992.0,5,1992
1133,1820,9120,240,697,1026,60.0,1925.0,6,1925
899,899,7800,288,414,864,65.0,1967.0,6,1967
912,912,7535,297,522,912,70.0,1958.0,6,1958
672,1218,1890,264,316,672,21.0,1973.0,5,1973
866,1768,9803,603,466,866,75.0,2005.0,2,2005
1214,1214,9170,461,420,1214,70.0,1965.0,4,1965
1801,1801,15602,484,254,1501,100.0,1959.0,3,1959
855,1322,2308,440,103,855,24.0,1974.0,6,1974
960,1960,7596,400,960,960,60.0,1952.0,7,1952
1065,1911,9554,471,397,777,80.0,1993.0,9,1993
1218,1218,7862,676,1191,1218,75.0,2009.0,9,2009
689,1378,9600,360,548,689,60.0,1928.0,10,1928
1041,1041,9600,270,50,1041,80.0,1959.0,7,1959
1363,1363,14559,288,178,1008,75.0,1951.0,6,1951
1368,1368,6792,474,1368,1368,40.0,2005.0,3,2005
864,864,9100,624,169,864,70.0,1964.0,7,1958
1080,1080,9187,484,748,1084,71.0,1983.0,6,1983
789,789,10594,200,768,768,55.0,1926.0,6,1926
2020,2020,12220,900,570,2006,94.0,2009.0,9,2009
1378,2119,10448,583,689,689,0.0,1972.0,8,1972
1277,2344,10208,889,1264,1264,79.0,1996.0,7,1996
882,1796,9531,546,88,794,0.0,1998.0,5,1998
1276,2080,10918,282,1276,1276,53.0,1926.0,6,1926
694,1294,10800,0,0,0,60.0,1979.0,8,1900
1244,1244,11988,336,467,1244,90.0,1957.0,5,1957
1004,1664,5000,420,605,1004,50.0,1950.0,10,1947
3138,4676,40094,884,878,3138,130.0,2007.0,10,2007
1383,2398,11787,834,660,1379,95.0,1996.0,8,1996
1266,1266,7500,453,1257,1257,62.0,2005.0,4,2005
928,928,13300,252,551,928,70.0,1956.0,6,1956
1476,2713,14948,858,122,1452,67.0,2008.0,11,2008
605,605,9098,0,180,528,58.0,1979.0,7,1920
2515,2515,32668,484,816,2035,0.0,1975.0,3,1957
1509,1509,10200,600,678,1461,85.0,1988.0,8,1988
751,1362,6155,502,611,611,60.0,1920.0,6,1920
827,827,7200,392,0,0,60.0,1967.0,4,1955
334,334,5000,0,0,0,50.0,1979.0,1,1946
707,1414,9056,403,707,707,74.0,2004.0,10,2004
820,1347,7000,0,148,1117,70.0,1979.0,1,1910
880,1724,8924,527,880,880,57.0,1998.0,7,1998
864,864,12735,576,264,864,0.0,1980.0,4,1972
1159,1159,11553,336,378,1051,0.0,1968.0,7,1968
1601,1601,11423,670,223,1581,0.0,2001.0,5,2001
1838,1838,14601,765,578,1838,85.0,2006.0,3,2006
997,2285,11000,648,969,969,0.0,2000.0,6,2000
1680,1680,10140,583,379,1650,78.0,1998.0,6,1998
767,767,4058,367,0,723,34.0,1998.0,6,1998
664,1496,17104,426,100,654,58.0,2006.0,9,2006
1377,2183,13837,786,0,1204,0.0,1988.0,2,1988
915,1635,8737,440,765,1065,70.0,1950.0,5,1923
768,768,7244,624,149,768,54.0,1987.0,4,1970
825,825,8235,720,0,825,49.0,1963.0,6,1955
912,2094,9375,615,912,912,75.0,2003.0,11,2003
1069,1069,4043,440,510,1069,53.0,1977.0,10,1977
928,928,6000,288,620,928,50.0,1957.0,6,1957
1717,1717,11146,908,1709,1709,87.0,2006.0,7,2006
1126,1126,8777,520,0,0,67.0,2002.0,5,1949
1006,2046,10625,871,132,998,85.0,2003.0,8,2003
1048,1048,6380,280,993,993,58.0,1922.0,8,1922
1092,1092,14850,299,197,1092,69.0,1957.0,5,1957
729,1446,21872,406,125,729,57.0,1996.0,8,1996
1557,1557,3196,420,1374,1374,0.0,2003.0,10,2003
1392,1392,11341,528,90,1392,0.0,1957.0,5,1957
1389,1389,10010,418,195,1389,77.0,1975.0,4,1974
996,996,13907,0,706,996,63.0,1979.0,7,1940
1163,1674,21780,396,1163,1163,66.0,1955.0,7,1918
1166,2295,13346,590,367,1095,0.0,1992.0,7,1992
841,1647,6858,216,806,806,66.0,1920.0,5,1915
1134,2504,11198,656,1122,1122,77.0,2005.0,6,2005
1535,1535,10171,532,1515,1517,70.0,2004.0,3,2004
1496,2132,12327,612,55,1496,79.0,1983.0,9,1983
943,943,7032,600,0,943,0.0,1979.0,12,1979
1728,1728,13101,576,1497,1728,74.0,1987.0,11,1965
864,864,7332,288,450,864,60.0,1959.0,10,1959
846,1692,13159,650,846,846,83.0,2009.0,7,2009
774,1430,9967,400,384,384,76.0,2000.0,12,2000
576,1109,10500,288,23,372,70.0,1971.0,12,1971
832,1216,8480,336,390,832,80.0,1947.0,10,1947
877,1477,6292,216,861,861,52.0,1928.0,8,1928
1320,1320,11777,564,285,1164,96.0,1966.0,5,1966
703,1392,3604,540,689,689,34.0,2007.0,2,2007
1050,1795,12150,352,1050,1050,81.0,1954.0,11,1954
1429,1429,14585,572,331,1144,0.0,1960.0,6,1960
2042,2042,12704,1390,2042,2042,98.0,2009.0,8,2008
816,816,11841,0,0,816,81.0,1979.0,5,1990
1521,2775,13500,880,1237,1237,75.0,1988.0,7,1893
989,1573,6120,240,884,884,51.0,1935.0,7,1935
2028,2028,11443,880,408,1868,88.0,2005.0,3,2005
838,838,10267,275,0,816,55.0,1961.0,5,1918
860,860,8740,528,168,840,74.0,1996.0,7,1982
1473,1473,25095,452,113,1437,65.0,1968.0,6,1968
779,935,9100,308,742,742,50.0,1988.0,8,1930
770,1582,8320,520,280,770,64.0,2004.0,9,2004
1728,2296,13478,842,384,1722,97.0,2008.0,6,2008
816,816,6600,816,0,816,60.0,1985.0,6,1982
848,848,4435,420,163,848,0.0,2003.0,5,2003
924,924,7990,280,924,924,88.0,1981.0,4,1975
1826,1826,11302,758,392,1814,69.0,2005.0,8,2005
684,1368,3600,216,684,684,60.0,1930.0,10,1910
1402,1402,3922,648,1258,1258,53.0,2006.0,2,2006
1647,1647,12984,621,0,1430,80.0,1977.0,3,1977
716,1556,1950,452,23,716,24.0,1980.0,7,1980
1058,1904,10927,736,512,1058,74.0,2003.0,6,2005
780,1375,9000,544,780,780,50.0,1979.0,12,1937
927,1915,10041,506,119,908,80.0,1992.0,2,1992
600,1200,3182,480,600,600,30.0,2004.0,6,2004
1494,1494,12803,530,572,1494,88.0,2002.0,9,2002
1186,1986,13600,486,314,768,85.0,1965.0,10,1965
1040,1040,12464,576,308,1040,82.0,2000.0,11,1996
1112,2008,7800,230,293,896,78.0,1948.0,8,1948
1940,3194,12168,380,537,965,78.0,1934.0,9,1934
1029,1029,7943,261,126,1029,61.0,1961.0,4,1961
1476,2153,11050,736,536,1440,0.0,2000.0,5,2000
1032,1032,10395,564,427,1032,0.0,1978.0,7,1978
1299,1872,11885,531,309,1299,0.0,2001.0,11,2001
1120,1120,8402,0,914,1120,70.0,1979.0,12,2007
630,630,1491,0,0,630,21.0,1979.0,5,1972
1054,1054,8800,480,173,936,80.0,1963.0,5,1963
807,1509,7861,393,326,783,0.0,2002.0,6,2002
832,832,7227,528,832,832,59.0,1962.0,6,1954
1828,1828,11694,774,1774,1822,90.0,2007.0,7,2007
1482,2262,12244,749,611,1482,85.0,2003.0,8,2003
864,864,8248,0,823,864,45.0,1979.0,9,1914
1548,2614,10800,624,384,1522,90.0,1974.0,6,1974
980,980,7064,484,420,980,71.0,1986.0,7,1977
756,1512,2117,440,336,756,0.0,2000.0,6,2000
1012,1790,10400,484,485,732,80.0,1972.0,11,1972
1116,1116,10000,440,1116,1116,87.0,1962.0,2,1962
1422,1422,12342,286,978,978,0.0,1960.0,8,1960
1520,1520,9600,364,350,1156,80.0,1955.0,3,1955
1040,2080,11606,504,390,1040,70.0,1969.0,9,1969
1350,1350,9020,520,288,1248,82.0,1964.0,6,1964
1089,1750,9000,240,636,636,50.0,1937.0,6,1880
1554,1554,4590,627,1530,1554,34.0,2006.0,8,2006
1411,1411,11900,544,564,1386,85.0,1977.0,4,1977
1056,1056,9250,260,108,1056,80.0,1954.0,7,1954
1056,1056,6979,576,0,1056,64.0,1980.0,6,1980
1440,3395,10896,0,1184,1440,60.0,1979.0,3,1914
800,800,6120,0,264,264,51.0,1979.0,1,1936
811,1387,6000,256,811,811,50.0,1954.0,11,1954
796,796,8777,0,796,796,67.0,1979.0,5,1910
1567,1567,3982,648,366,1520,53.0,2006.0,10,2006
1518,1518,12677,588,300,1518,62.0,2003.0,4,2003
1057,1929,7050,650,319,1057,0.0,2001.0,5,2001
2000,2704,13860,538,542,1952,75.0,1972.0,7,1972
780,1620,10793,462,0,780,80.0,1969.0,4,1969
1766,1766,9187,478,645,1766,85.0,2009.0,10,2009
981,981,10530,576,664,981,0.0,1979.0,3,1971
1048,1048,7200,420,0,0,60.0,1950.0,7,1950
1094,1094,10452,495,594,1094,85.0,1953.0,6,1953
1051,1839,7700,442,756,756,70.0,1966.0,6,1966
630,630,1936,0,0,630,21.0,1979.0,12,1970
822,1665,8125,562,813,813,65.0,2007.0,5,2007
755,1510,9084,296,755,755,60.0,1940.0,10,1940
909,1716,8750,512,880,880,70.0,1996.0,7,1996
756,1469,10320,216,756,756,60.0,1906.0,6,1906
2113,2113,10437,839,413,2109,91.0,1995.0,8,1995
525,1092,1680,264,525,525,21.0,1971.0,3,1971
1053,1053,10007,312,247,1053,72.0,1959.0,8,1959
851,1502,7200,270,776,776,60.0,1931.0,2,1931
912,1458,17503,330,912,912,78.0,1948.0,1,1948
1486,1486,9937,480,849,1486,75.0,1968.0,3,1964
1142,1935,12384,550,793,793,0.0,1976.0,11,1976
1686,2448,46589,711,88,1629,52.0,1994.0,7,1994
1392,1392,13560,576,1392,1392,120.0,1968.0,7,1968
1181,1181,10012,588,38,1138,90.0,1974.0,4,1972
2097,2097,20896,1134,356,2077,49.0,2005.0,1,2005
1454,1936,11194,504,1406,1406,106.0,2000.0,11,2000
1465,2380,18450,596,111,1021,0.0,1965.0,8,1965
1679,1679,8125,575,270,1408,65.0,1994.0,10,1994
1437,1437,14175,576,200,1188,0.0,1999.0,11,1956
1180,1180,11600,252,700,700,80.0,1922.0,7,1922
738,1476,8633,540,545,738,64.0,2005.0,2,2005
697,1369,6629,300,121,672,54.0,1930.0,7,1925
1208,1208,11250,546,441,1208,0.0,1977.0,6,1977
1839,1839,14442,416,291,1477,110.0,1957.0,6,1957
1136,1136,9200,384,244,1136,80.0,1965.0,7,1965
855,1441,2289,440,544,855,24.0,1978.0,4,1978
1095,1774,9600,779,1095,1095,60.0,1920.0,5,1900
792,792,9022,240,768,768,52.0,1924.0,5,1924
2046,2046,11844,834,2046,2046,80.0,2008.0,7,2008
988,988,9945,572,161,988,0.0,1963.0,10,1961
923,923,8012,264,261,923,50.0,1980.0,5,1980
848,1520,4500,281,611,793,55.0,1968.0,7,1932
1291,1291,2887,431,288,1291,0.0,1996.0,11,1996
1668,1668,11248,702,567,1626,90.0,2002.0,7,2002
1195,1839,16770,486,1195,1195,58.0,1998.0,6,1998
1190,2090,5062,577,180,1190,0.0,1984.0,9,1984
874,1761,10207,578,874,874,84.0,2007.0,8,2007
551,1102,5105,480,312,551,0.0,2004.0,3,2004
1419,1419,8089,567,474,1419,60.0,2007.0,10,2007
1362,1362,7577,460,1342,1362,61.0,2005.0,6,2005
848,848,4426,420,151,848,0.0,2004.0,5,2004
2444,4316,21535,832,989,2444,104.0,1994.0,1,1994
1238,2519,26178,628,245,1210,42.0,1989.0,4,1989
1073,1073,5400,326,1073,1073,60.0,1968.0,12,1921
1067,1539,6120,576,927,927,51.0,1995.0,4,1936
1137,1137,13811,551,92,1112,54.0,1987.0,7,1987
616,616,6000,205,0,616,50.0,1921.0,6,1921
1148,1148,6420,308,219,980,57.0,1952.0,9,1952
894,894,8450,336,224,894,65.0,1973.0,4,1965
1391,1391,4282,530,1375,1391,59.0,2004.0,7,2004
1800,1800,14331,765,526,1800,85.0,2002.0,5,2002
1164,1164,9600,528,1164,1164,80.0,1969.0,7,1969
1264,2576,12438,666,1234,1234,82.0,2006.0,7,2006
1032,1812,7630,672,360,360,76.0,1999.0,5,1900
1484,1484,8400,606,761,1473,70.0,2004.0,5,2004
372,1092,5600,0,0,0,70.0,1979.0,7,1930
1824,1824,115149,739,424,1643,0.0,1971.0,6,1971
1324,1324,6240,550,461,1324,48.0,2006.0,12,2006
728,1456,9018,400,728,728,65.0,2007.0,7,2007
904,904,7162,408,876,876,0.0,1966.0,12,1966
729,729,4130,0,270,270,56.0,1979.0,7,1935
1228,1228,4671,472,461,1228,40.0,1988.0,10,1988
960,960,9873,576,171,960,60.0,1970.0,5,1970
725,1479,13517,475,192,725,0.0,1976.0,3,1976
1350,1350,10140,478,1064,1064,78.0,1974.0,8,1974
1576,2554,10800,704,718,718,60.0,1996.0,7,1890
1178,1178,10000,439,92,1176,80.0,1973.0,11,1973
1325,2418,10542,983,138,1311,96.0,1993.0,8,1993
971,971,9920,300,448,971,69.0,1969.0,5,1969
1742,1742,6563,564,594,1742,0.0,1985.0,12,1985
848,848,4426,420,186,848,0.0,2004.0,5,2004
864,864,8120,463,673,864,70.0,1994.0,7,1970
997,1470,8172,548,941,941,60.0,1958.0,5,1954
1698,1698,13286,768,464,1698,86.0,2007.0,2,2007
864,864,6960,660,250,864,60.0,1989.0,11,1970
1680,1680,21695,540,72,880,0.0,1988.0,12,1988
1232,1232,7314,632,508,1232,64.0,2007.0,2,2007
1776,1776,11475,888,1584,1584,85.0,1968.0,7,1958
848,1208,6240,539,628,780,52.0,1962.0,1,1925
1616,1616,5389,608,415,1595,39.0,1995.0,3,1995
1146,1146,9590,438,82,868,73.0,2003.0,5,2003
1153,2031,11404,541,901,1153,75.0,1998.0,7,1998
1144,1144,10000,264,270,864,80.0,1961.0,3,1961
948,948,8978,300,948,948,0.0,1968.0,5,1968
880,1768,10800,320,490,880,60.0,1914.0,10,1914
1040,1040,8544,400,0,0,60.0,1949.0,7,1950
901,1801,10463,800,893,893,72.0,2005.0,6,2005
1200,1200,10800,0,0,1200,60.0,1979.0,3,1987
864,1728,9313,572,864,864,65.0,2004.0,4,2004
768,1432,9600,360,264,264,60.0,1910.0,5,1910
912,912,6768,288,80,912,65.0,1962.0,5,1961
1349,1349,8450,539,1349,1349,65.0,2000.0,12,2000
1464,1464,12886,480,76,520,70.0,1997.0,10,1963
1337,1337,5395,462,604,1337,41.0,1993.0,10,1993
1175,2715,8963,831,487,1142,0.0,1994.0,7,1976
980,2256,8795,554,652,952,0.0,2000.0,4,2000
1320,2640,11700,864,1240,1240,65.0,1950.0,5,1880
1720,1720,10593,527,801,1720,59.0,1996.0,3,1996
1088,1529,8405,240,0,0,50.0,1945.0,4,1945
792,1140,8800,0,576,576,55.0,1979.0,6,1910
660,1320,7750,400,660,660,0.0,2003.0,8,2003
1494,1494,9236,576,279,1479,79.0,1997.0,7,1997
1038,2098,10240,878,1030,1030,80.0,2005.0,3,2005
1026,1026,7930,440,115,1026,61.0,1969.0,7,1969
742,1471,3230,440,348,729,34.0,1999.0,3,1999
866,1768,10769,578,846,866,68.0,2007.0,4,2007
672,1386,11616,440,234,672,0.0,1978.0,4,1978
757,1501,2280,440,195,744,24.0,1999.0,8,1999
1328,2531,12257,752,1198,1318,65.0,1995.0,11,1995
864,864,9100,300,252,864,70.0,2008.0,10,1959
1301,1301,6911,440,740,1145,60.0,1965.0,10,1924
764,1547,8640,614,732,756,72.0,2009.0,6,2009
1268,2365,9430,856,89,1252,82.0,1999.0,7,1999
1494,1494,9549,481,0,1494,30.0,1995.0,4,1995
1506,1506,14587,592,1498,1498,75.0,2008.0,8,2008
980,1714,10421,496,586,980,80.0,1988.0,3,1988
983,1750,12508,423,323,983,75.0,1989.0,7,1940
1836,1836,9100,484,1836,1860,70.0,2004.0,10,2004
1690,3279,53504,841,234,1650,47.0,2003.0,6,2003
858,858,7252,576,173,858,0.0,1983.0,4,1982
1220,1220,8877,396,0,836,67.0,1951.0,4,1951
1117,1117,7819,672,480,1029,94.0,1976.0,3,1976
912,912,10150,275,456,912,70.0,1958.0,7,1958
1973,1973,14226,895,1935,1935,110.0,2006.0,7,2006
1204,1204,4500,412,338,1204,32.0,1998.0,6,1998
1614,1614,11210,865,1594,1614,86.0,2005.0,7,2005
894,894,13350,440,102,864,100.0,1974.0,6,1974
2020,2020,8400,630,0,0,60.0,1977.0,10,1977
1004,1004,10530,504,0,975,78.0,1977.0,5,1977
1253,1253,7875,402,1237,1237,63.0,1995.0,6,1995
810,1603,7153,484,374,761,65.0,1992.0,7,1992
1430,1430,16285,605,1413,1413,67.0,2001.0,6,2001
1110,1110,9101,602,0,1097,0.0,1978.0,7,1978
742,1484,6300,0,742,742,35.0,1979.0,6,1914
1342,1342,9790,457,491,1372,0.0,1967.0,9,1967
966,1652,10800,416,0,686,60.0,1961.0,6,1915
956,2084,10142,618,300,956,76.0,2004.0,1,2004
901,901,6000,281,901,901,50.0,1954.0,8,1954
976,2087,12205,444,264,832,0.0,1966.0,7,1966
1145,1145,3182,397,1129,1145,43.0,2005.0,9,2005
1062,1062,11333,539,490,1029,0.0,1976.0,5,1976
1127,2013,9920,455,255,1117,92.0,1997.0,6,1996
1496,1496,9158,474,1496,1496,76.0,2007.0,6,2007
1086,1895,10832,409,712,712,0.0,1994.0,10,1994
888,1564,8400,476,650,650,70.0,1980.0,4,1980
1285,1285,8197,528,660,660,71.0,1977.0,4,1977
773,773,7677,240,203,773,57.0,1953.0,4,1953
1966,3140,13518,820,1926,1926,104.0,2009.0,7,2008
981,1768,7200,240,162,731,60.0,1939.0,6,1937
616,1688,12798,603,154,616,79.0,1997.0,5,1997
1196,1196,4800,440,999,1196,40.0,1957.0,7,1916
728,1456,8199,410,80,728,63.0,2005.0,10,2005
1734,2822,13891,1020,1734,1734,107.0,2009.0,1,2008
1128,1128,9000,286,124,936,75.0,1954.0,6,1954
1428,1428,12274,554,1417,1417,91.0,2008.0,7,2008
980,980,9750,384,100,980,75.0,1967.0,10,1967
1072,1576,21384,528,15,1324,144.0,1923.0,5,1923
1086,1086,13400,484,380,1024,85.0,1966.0,6,1966
1075,2138,8100,360,849,849,90.0,1910.0,11,1898
1309,1309,10140,484,0,1040,78.0,1974.0,1,1974
848,848,4438,420,186,848,0.0,2004.0,6,2004
1442,1442,9750,301,834,1442,75.0,1958.0,4,1958
686,1250,8248,280,686,686,45.0,1955.0,7,1918
1661,1661,12137,598,1649,1649,48.0,1998.0,5,1998
1008,1008,11425,275,522,1008,0.0,1954.0,7,1954
1689,1689,13265,857,350,1568,0.0,2002.0,7,2002
1052,1052,8816,440,506,1010,80.0,1971.0,6,1971
1358,1358,6371,484,625,1358,44.0,2010.0,6,2009
798,1640,7226,595,798,798,72.0,2003.0,6,2003
936,936,6000,576,936,936,60.0,1974.0,2,1953
847,1733,12394,433,847,847,0.0,2003.0,10,2003
944,1489,9900,240,778,778,60.0,1940.0,7,1940
1489,1489,11216,776,1489,1489,81.0,2006.0,6,2006
2084,2084,14803,1220,442,2078,114.0,2007.0,6,2007
784,784,6130,0,0,784,50.0,1979.0,5,1924
1434,1434,8529,527,1434,1454,65.0,2001.0,4,2001
1160,2126,28698,538,0,1013,0.0,1967.0,6,1967
520,1223,2544,480,600,600,24.0,2005.0,7,2005
1392,1392,11900,458,352,1392,80.0,1957.0,6,1957
520,1200,3180,480,600,600,30.0,2005.0,6,2005
941,1829,9548,613,458,941,44.0,2003.0,1,2003
1516,1516,10004,472,975,1516,100.0,1964.0,2,1964
1144,1144,7875,456,572,1144,75.0,1961.0,9,1961
1067,1067,9600,436,625,1067,60.0,1996.0,2,1950
1559,1559,8100,812,1221,1559,90.0,1948.0,6,1948
483,987,1680,264,153,483,21.0,1973.0,11,1973
1099,1099,9525,352,1099,1099,75.0,1999.0,6,1995
768,1200,11767,240,416,768,70.0,1946.0,5,1946
810,1482,12155,400,516,672,0.0,1934.0,3,1925
958,1539,10440,686,650,650,60.0,1983.0,6,1904
1165,1165,9020,490,276,1127,82.0,1966.0,5,1966
1800,1800,8000,0,1800,1800,80.0,1979.0,7,1961
876,1416,12665,720,876,876,100.0,1949.0,6,1915
1701,1701,16647,611,0,1390,0.0,1975.0,1,1975
1006,1775,9317,425,227,740,75.0,1993.0,7,1993
864,864,15523,338,404,864,36.0,1972.0,8,1972
1307,2358,45600,360,907,907,75.0,1908.0,9,1908
1094,1855,9600,512,528,528,80.0,1976.0,8,1976
848,848,4435,420,189,848,36.0,2003.0,11,2003
1456,1456,3196,400,1273,1273,0.0,2003.0,5,2003
918,1646,7128,240,554,918,53.0,1941.0,8,1941
1445,1445,12095,645,563,1127,0.0,1964.0,8,1964
1779,1779,17920,454,372,1763,102.0,1955.0,7,1955
1040,1040,6897,260,381,1040,0.0,1962.0,4,1962
1026,1026,10970,576,0,940,0.0,1981.0,10,1978
702,1481,8125,343,702,702,65.0,1994.0,3,1994
1370,1370,10400,479,1090,1090,80.0,1976.0,6,1976
1512,2654,11029,619,435,1054,0.0,1968.0,8,1968
912,1426,7642,216,912,912,55.0,1925.0,6,1918
1039,1039,11625,504,198,1039,75.0,1965.0,4,1965
1097,1097,9672,480,702,1040,81.0,1986.0,5,1984
1148,1148,7931,672,0,1148,70.0,1959.0,7,1959
1372,1372,8640,529,1372,1372,72.0,2008.0,5,2007
1002,1002,8750,902,174,1002,0.0,1973.0,8,1970
1646,1646,10656,870,1638,1638,67.0,2007.0,11,2006
1120,1120,6970,544,108,1040,85.0,1961.0,5,1961
1547,2320,14762,672,0,0,0.0,1979.0,5,1948
1062,1949,9938,574,300,1050,80.0,1993.0,6,1993
894,894,6600,308,894,894,60.0,1962.0,8,1962
804,1682,8750,523,299,804,70.0,1998.0,6,1998
910,910,8892,414,105,105,74.0,1953.0,10,1953
1036,1268,12144,288,457,832,60.0,1949.0,9,1949
676,1131,5720,200,676,676,52.0,1941.0,8,1941
1184,2610,9000,550,1120,1184,75.0,2007.0,8,2007
1040,1040,25286,648,431,1064,94.0,1963.0,1,1963
1462,2224,8834,738,292,1462,74.0,2004.0,6,2004
1155,1155,11782,576,210,1109,88.0,1987.0,6,1961
864,864,7000,336,218,864,0.0,1978.0,7,1978
1090,1090,7024,450,110,1090,60.0,2005.0,6,2005
1187,1717,13758,400,254,1156,44.0,1990.0,4,1990
808,1593,9636,389,808,808,0.0,1993.0,12,1992
954,2230,6204,440,795,795,60.0,1997.0,3,1912
892,892,7150,288,460,892,65.0,1967.0,7,1967
1709,1709,5119,506,460,1698,50.0,1999.0,1,1999
1712,1712,8393,588,1098,1626,70.0,2005.0,6,1959
872,1393,16466,300,816,816,59.0,1955.0,4,1955
2217,2217,15865,621,1043,2217,95.0,1970.0,10,1970
1505,1505,12160,505,481,1505,128.0,1953.0,2,1953
672,924,8064,576,672,672,60.0,2003.0,7,1949
918,1683,11184,440,192,918,70.0,1978.0,7,1978
1068,1068,8414,264,396,1059,70.0,1963.0,2,1963
1383,1383,13284,354,319,1383,0.0,1954.0,6,1954
1535,1535,7018,400,0,0,64.0,1979.0,6,1979
983,1796,7056,483,380,780,71.0,1963.0,10,1963
951,951,8765,327,666,951,50.0,1936.0,4,1936
1120,2240,7018,528,0,0,64.0,1979.0,6,1979
2364,2364,12919,820,142,2330,100.0,2009.0,3,2009
1236,1236,6993,288,447,912,65.0,1961.0,6,1961
858,858,7340,684,536,858,0.0,1979.0,6,1971
1306,1306,8712,756,132,992,64.0,1968.0,5,1957
807,1509,7875,393,783,783,63.0,2003.0,7,2003
1670,1670,14859,690,1670,1670,50.0,2006.0,8,2006
902,902,6173,288,277,876,0.0,1967.0,8,1967
1063,1063,9920,280,412,1056,80.0,1954.0,2,1954
1636,1636,13501,865,1560,1623,116.0,2006.0,6,2006
1020,2057,11500,180,794,1017,86.0,1936.0,6,1936
902,902,8885,484,239,864,0.0,1983.0,6,1983
742,1484,12589,390,742,742,149.0,2005.0,6,2005
1105,2274,11600,480,662,1105,80.0,1960.0,1,1960
1268,1268,9286,252,1072,1268,0.0,1978.0,10,1977
1015,1015,6120,450,279,768,51.0,1925.0,7,1925
1001,2002,6270,871,717,1001,82.0,1949.0,8,1949
612,1224,3000,528,318,612,30.0,2009.0,6,2009
546,1092,2001,286,546,546,21.0,1970.0,1,1970
1229,1229,17140,284,75,1134,0.0,1956.0,4,1956
912,2127,13125,833,422,1104,103.0,1991.0,11,1991
1414,1414,11029,601,245,1184,87.0,1990.0,5,1958
936,1721,8462,471,114,928,70.0,1994.0,7,1994
1272,2200,8777,0,188,1272,67.0,1979.0,9,1900
1316,1316,10237,397,1288,1316,65.0,2005.0,10,2005
1617,1617,8012,533,598,1604,50.0,1993.0,7,1993
1686,1686,10240,612,0,1686,79.0,1980.0,5,1980
1126,1126,15611,540,266,1126,0.0,1977.0,3,1977
1234,2374,11999,656,1181,1181,93.0,2003.0,5,2003
1098,1978,9900,486,280,832,0.0,1968.0,4,1968
1788,1788,11838,522,1753,1753,0.0,2001.0,6,2001
993,2236,13006,642,964,964,0.0,1997.0,11,1997
1466,1466,8925,610,1450,1466,73.0,2007.0,7,2007
925,925,9100,429,121,925,70.0,1965.0,7,1965
1905,1905,11670,788,1905,1905,84.0,2006.0,3,2006
1500,1500,8487,570,1480,1500,63.0,2004.0,8,2004
2069,2069,27650,505,160,585,313.0,1960.0,11,1960
747,747,5825,528,600,600,52.0,1953.0,6,1926
1200,1200,10083,555,343,1176,67.0,2003.0,8,2003
1113,1971,9675,689,772,1113,75.0,2005.0,2,2005
1391,1962,8760,868,927,1391,73.0,2006.0,8,2006
1207,2403,24090,349,1032,1032,0.0,1940.0,6,1940
1728,1728,12640,574,396,1728,55.0,1976.0,7,1976
1022,2060,8755,390,220,992,0.0,1999.0,6,1999
1440,1440,7711,0,0,1440,42.0,1979.0,8,1977
1632,1632,25000,576,1632,1632,100.0,1967.0,6,1967
1344,1344,14375,525,354,819,0.0,1958.0,1,1958
1188,1869,8820,456,0,1088,98.0,1963.0,9,1890
1144,1144,8163,796,102,1144,70.0,1959.0,3,1959
1629,1629,14536,808,316,1616,85.0,2002.0,11,2002
936,1776,14006,474,936,936,65.0,2002.0,2,2002
1381,1381,9360,676,179,1161,78.0,1972.0,3,1972
864,864,7200,720,317,864,60.0,1980.0,7,1950
965,965,7800,300,187,828,60.0,1979.0,7,1965
768,768,7200,396,108,768,60.0,1974.0,4,1972
1168,1968,11075,530,29,784,0.0,1969.0,9,1969
980,980,9400,0,0,945,35.0,1979.0,10,1975
979,1958,7136,492,495,979,82.0,1946.0,8,1946
561,1229,1300,462,276,561,24.0,1980.0,5,1980
1057,1057,7420,576,640,1057,70.0,1977.0,4,1962
1337,1337,8450,531,638,1337,65.0,2003.0,10,2003
696,1416,2572,484,92,696,24.0,1999.0,5,1999
858,858,7207,0,162,858,50.0,1979.0,2,1958
1542,2872,12227,619,434,1330,0.0,1977.0,7,1977
804,1548,2308,440,248,804,24.0,1976.0,7,1976
1800,1800,11923,702,1800,1800,122.0,2007.0,5,2007
824,1894,11316,510,193,817,80.0,2002.0,2,2002
783,1484,10237,393,783,783,65.0,2005.0,7,2005
976,1308,9600,256,300,728,130.0,1940.0,6,1940
1098,1098,7390,260,196,1098,0.0,1955.0,7,1955
600,968,5925,0,600,600,50.0,1979.0,5,1910
1095,1095,10382,264,75,588,75.0,1958.0,3,1958
720,1192,10800,0,720,720,60.0,1979.0,12,1949
764,1626,2268,474,197,764,36.0,2003.0,7,2003
918,918,7892,264,918,918,55.0,1979.0,4,1979
1428,1428,11639,480,1428,1428,95.0,2007.0,12,2007
1136,2019,11414,532,728,728,60.0,1997.0,10,1910
673,1382,2651,490,32,673,0.0,2000.0,4,2000
869,869,5900,0,440,440,51.0,1979.0,8,1923
1241,1241,4274,569,135,1241,35.0,2007.0,11,2006
894,894,9450,400,342,894,68.0,1999.0,5,1954
1121,1121,8816,480,470,1121,80.0,1963.0,6,1963
999,999,12122,588,77,944,0.0,1961.0,7,1961
1276,2612,12203,676,371,1225,98.0,1998.0,7,1998
1266,1266,3182,388,1266,1266,43.0,2007.0,3,2007
1149,2290,11250,779,1128,1128,0.0,2002.0,5,2002
1302,1734,10125,539,0,0,75.0,1977.0,8,1977
1164,1164,10880,240,124,1164,68.0,1950.0,8,1950
1001,1635,5310,255,485,485,59.0,1950.0,6,1910
1940,1940,10159,606,284,1930,83.0,2010.0,4,2009
1118,2030,12046,551,692,848,0.0,1976.0,6,1976
778,1576,8125,614,770,770,65.0,2006.0,8,2006
1407,2392,9452,870,322,1396,82.0,1997.0,6,1997
916,1742,17671,424,700,916,121.0,1925.0,11,1882
1020,1851,9760,440,169,822,80.0,1964.0,7,1964
750,1500,8846,564,750,750,68.0,2005.0,8,2005
1718,1718,12456,786,528,1700,96.0,2008.0,7,2006
774,1230,4712,305,363,747,51.0,1946.0,8,1946
1050,1050,10659,368,135,1050,0.0,1961.0,1,1961
1442,1442,11717,615,1442,1442,0.0,1970.0,2,1970
1077,1077,9786,210,1007,1007,60.0,1922.0,5,1922
1208,1208,6762,632,501,1187,64.0,2006.0,2,2006
944,944,10206,528,0,0,74.0,1956.0,7,1952
691,691,5400,216,691,691,60.0,1920.0,1,1920
1574,1574,11957,824,1550,1574,75.0,2006.0,7,2006
1680,1680,11500,528,1680,1680,0.0,1976.0,6,1976
1504,1504,3182,457,1330,1346,43.0,2005.0,5,2005
985,985,8385,328,390,985,65.0,1977.0,11,1977
1657,1657,12155,484,420,1657,0.0,1970.0,3,1970
546,1092,2217,286,0,546,21.0,1970.0,8,1970
1710,1710,12118,550,1710,1710,43.0,2004.0,4,2004
1008,1522,6000,0,1008,1008,60.0,1979.0,6,1926
720,1271,21286,312,720,720,115.0,1948.0,8,1948
1664,1664,9825,0,0,0,75.0,1979.0,5,1965
900,1502,10592,180,602,602,55.0,1923.0,8,1923
1022,1022,7200,280,310,1022,60.0,1956.0,6,1910
1082,1082,11664,240,746,1082,60.0,1948.0,11,1948
810,1665,8400,528,167,810,70.0,2001.0,11,2001
1504,1504,11883,478,814,1504,73.0,1996.0,6,1996
1360,1360,5814,565,184,1220,0.0,1984.0,8,1984
802,1472,10784,402,384,384,0.0,1991.0,5,1991
1506,1506,3013,440,1346,1362,43.0,2005.0,4,2005
1132,1132,7024,451,108,1132,60.0,2005.0,6,2005
1220,1220,7406,632,515,1199,64.0,2006.0,7,2006
912,1248,9439,160,588,912,52.0,1957.0,3,1930
1504,1504,3182,437,1330,1346,43.0,2005.0,5,2005
2898,2898,15498,665,0,1565,0.0,1976.0,5,1976
882,882,7700,461,276,882,70.0,1980.0,3,1972
1264,1264,9300,461,571,1268,73.0,1960.0,4,1960
1646,1646,9520,800,125,1638,71.0,2008.0,4,2007
968,1376,9492,240,359,768,79.0,1941.0,4,1941
672,1218,1680,264,355,672,21.0,1972.0,5,1972
948,1928,7082,0,686,686,0.0,1979.0,7,1916
1687,3082,15863,672,301,824,102.0,1970.0,8,1920
1352,2520,14541,796,326,1338,0.0,1993.0,11,1993
1654,1654,8125,900,668,1654,0.0,2002.0,2,2002
954,954,6305,240,920,920,50.0,1938.0,6,1938
845,845,11500,290,0,0,0.0,1957.0,1,1957
1620,1620,12898,912,598,1620,89.0,2008.0,9,2007
1055,2263,9240,905,1055,1055,0.0,2001.0,9,2001
798,1344,1533,0,546,546,21.0,1979.0,5,1970
630,630,1477,286,121,630,21.0,1970.0,4,1970
1803,1803,13125,484,284,1134,88.0,1957.0,1,1957
800,1632,9130,484,336,800,0.0,1966.0,7,1966
1306,1306,5381,624,406,1306,34.0,2005.0,8,2005
1532,2329,11839,514,390,1475,86.0,1990.0,5,1990
2524,2524,9600,542,1420,2524,80.0,1981.0,7,1981
1733,1733,13680,452,0,0,0.0,1955.0,6,1955
1992,2868,16056,716,1752,1992,85.0,2005.0,7,2005
990,990,9245,672,304,990,57.0,1996.0,2,1994
1771,1771,21750,336,0,0,100.0,1960.0,11,1960
930,930,11100,308,0,0,60.0,1946.0,4,1946
1302,1302,8993,436,1302,1302,73.0,2007.0,8,2007
1316,1316,11175,440,1316,1316,103.0,2007.0,10,2007
1127,1977,9500,540,374,816,100.0,1964.0,6,1964
1526,1526,8562,364,833,1216,68.0,1957.0,5,1957
1091,1989,11367,586,133,1065,90.0,2002.0,11,2002
1523,1523,11361,478,549,1193,104.0,1976.0,5,1976
1364,1364,7052,484,705,1364,43.0,2005.0,6,2005
979,1850,29959,467,378,973,0.0,1994.0,1,1994
1130,2184,11308,836,168,1104,96.0,2008.0,7,2008
1096,1991,11275,432,0,854,0.0,1977.0,3,1932
1338,1338,4920,582,722,1338,41.0,2001.0,4,2001
1422,2337,13600,560,662,662,85.0,1945.0,9,1900
1103,1103,6000,440,706,1103,50.0,1976.0,7,1925
1154,1154,11000,480,184,1154,0.0,1966.0,11,1966
1306,2260,14000,533,105,1306,80.0,1996.0,4,1996
799,1571,7837,380,799,799,59.0,1993.0,5,1993
798,1611,9760,442,0,780,80.0,1964.0,6,1964
1291,2521,3964,576,105,942,42.0,1973.0,6,1973
893,893,9600,576,625,845,60.0,1985.0,5,1949
1048,1048,10152,286,462,1048,72.0,1956.0,6,1956
829,1556,11700,441,429,727,78.0,1968.0,5,1968
1002,1456,7585,280,810,810,50.0,1954.0,8,1948
698,1426,7950,440,155,690,75.0,1977.0,7,1977
1240,1240,8556,826,1240,1240,74.0,2006.0,5,2006
960,1740,13125,240,390,800,75.0,1940.0,7,1940
1096,1466,10800,566,170,796,60.0,1950.0,4,1936
1096,1096,15870,299,230,1096,0.0,1969.0,3,1969
848,848,4435,420,186,848,37.0,2004.0,5,2004
990,990,8775,299,495,990,65.0,1996.0,4,1994
1258,1258,11040,528,602,1258,80.0,1971.0,10,1971
1040,1040,7500,308,216,1040,75.0,1963.0,6,1963
1459,1459,8749,527,1459,1459,70.0,2002.0,9,2002
1251,1251,8800,461,698,1251,80.0,1964.0,3,1964
691,1498,13031,409,99,691,0.0,1995.0,7,1995
996,996,9069,564,189,936,73.0,1992.0,4,1992
546,1092,1974,286,212,546,0.0,1973.0,5,1973
1082,1953,10574,1043,1082,1082,85.0,2005.0,5,2005
970,1709,2522,380,970,970,24.0,2004.0,4,2004
1247,1247,3316,550,208,1247,37.0,2005.0,4,2005
1040,1040,8544,400,0,0,60.0,1987.0,6,1950
624,1252,2160,462,90,600,24.0,1999.0,3,1999
1390,1694,8400,576,758,1181,60.0,1925.0,6,1925
1200,1200,9230,884,203,864,71.0,1977.0,10,1965
936,936,5868,308,448,936,74.0,1956.0,5,1956
1314,1314,9317,440,1290,1314,78.0,2006.0,3,2006
773,1355,6882,0,684,684,60.0,1979.0,3,1914
1088,1088,3696,461,1074,1074,0.0,1987.0,10,1986
757,1324,6000,240,0,672,50.0,1936.0,7,1936
1601,1601,11880,478,567,1271,82.0,1978.0,4,1978
438,438,8400,246,0,290,60.0,1930.0,1,1920
950,950,9758,280,251,950,61.0,1981.0,7,1971
1134,1134,7000,254,422,1010,70.0,1960.0,4,1960
1194,1194,8910,539,0,655,79.0,1954.0,7,1959
630,1302,2016,440,630,630,24.0,1970.0,4,1970
1500,2622,12256,712,431,1463,98.0,1994.0,4,1994
1442,1442,10357,719,172,910,114.0,1990.0,5,1990
887,2021,23257,422,868,868,168.0,2006.0,9,2006
948,1690,8063,463,924,924,0.0,2000.0,11,2000
1836,1836,11362,862,797,1836,107.0,2004.0,3,2004
773,1658,8000,431,554,773,0.0,1995.0,6,1995
1098,1964,10480,483,400,803,80.0,1976.0,9,1976
816,816,7100,308,108,816,73.0,1957.0,7,1957
1008,1008,8923,240,365,1008,66.0,1953.0,5,1953
833,833,5400,326,418,833,90.0,1955.0,8,1954
1734,1734,12085,928,730,1734,93.0,2007.0,11,2007
779,1419,7750,527,55,408,0.0,2002.0,3,2002
894,894,9764,450,192,894,57.0,1967.0,5,1967
1021,1601,13825,300,533,533,85.0,1958.0,12,1958
1040,1040,7560,286,671,1040,70.0,1959.0,7,1959
1012,1012,8263,308,1012,1012,59.0,1920.0,5,1920
1552,1552,10084,782,1528,1552,84.0,2005.0,7,2005
960,960,8926,288,672,672,0.0,1956.0,10,1956
698,698,9405,0,698,698,50.0,1979.0,6,1947
812,1482,9125,392,384,384,0.0,1992.0,7,1992
1005,1005,10434,672,1005,1005,60.0,1977.0,11,1955
1555,1555,3684,660,1373,1373,53.0,2007.0,6,2007
1530,1530,14572,630,230,1530,182.0,2004.0,11,2004
847,1959,11796,434,847,847,59.0,2004.0,7,2004
936,936,7200,672,0,936,60.0,1980.0,8,1980
1328,1981,7804,576,500,1122,65.0,1981.0,12,1928
974,974,10712,0,762,974,63.0,1979.0,9,1991
1178,2210,9900,205,1008,1008,90.0,1930.0,5,1880
1142,2020,9828,466,544,1128,80.0,1995.0,6,1995
916,1600,8773,460,916,916,57.0,1997.0,8,1997
986,986,6180,180,960,960,60.0,1926.0,5,1926
1032,1252,9600,288,752,1032,80.0,1950.0,4,1950
780,1020,6342,0,780,780,54.0,1979.0,5,1875
1567,1567,9819,714,0,1567,0.0,1977.0,5,1977
1167,1167,8731,495,270,915,98.0,1972.0,5,1920
952,952,7350,840,100,952,60.0,1988.0,6,1951
1088,1868,10304,484,399,780,0.0,1976.0,10,1976
1466,2828,9965,1052,316,1466,77.0,2006.0,4,2006
1006,1006,9000,0,718,1006,0.0,1979.0,7,1959
672,924,12180,280,324,672,60.0,1941.0,7,1941
1042,1576,6240,225,1042,1042,52.0,1928.0,8,1928
1298,1298,11200,403,40,1298,0.0,1985.0,5,1985
860,1564,12000,234,429,704,75.0,1941.0,7,1941
572,1111,5700,288,572,572,0.0,1982.0,8,1926
832,1482,9000,324,26,650,50.0,1930.0,7,1920
932,932,8280,306,932,932,57.0,1950.0,11,1950
1466,1466,17755,528,1290,1466,134.0,1959.0,11,1959
1811,1811,14115,470,230,1073,90.0,1956.0,7,1956
816,816,5890,432,278,816,0.0,2002.0,6,1930
902,1820,13700,492,410,864,0.0,1965.0,5,1965
1437,1437,10768,528,280,1437,90.0,1976.0,7,1976
1265,1265,9350,502,586,1219,85.0,1965.0,10,1965
1314,1314,5001,626,410,1314,34.0,2008.0,7,2007
1580,1580,11932,830,1580,1580,92.0,2008.0,6,2007
943,1876,9120,540,459,901,76.0,1974.0,7,1974
855,1456,2280,440,544,855,24.0,1978.0,7,1978
1640,1640,14778,924,568,1296,0.0,1993.0,11,1954
894,894,8724,450,402,894,109.0,1968.0,5,1968
1258,1258,12900,400,0,1198,60.0,1969.0,1,1969
1432,1432,16157,588,289,1360,0.0,1978.0,6,1978
1502,1502,9541,644,1502,1502,79.0,2009.0,9,2009
1694,1694,10475,776,1694,1694,64.0,2008.0,2,2008
959,1671,10852,472,173,959,58.0,2000.0,2,2000
1236,2108,13728,540,501,1127,120.0,1935.0,7,1935
1831,3627,35760,807,543,1930,118.0,1995.0,7,1995
1118,1118,9880,358,574,1096,76.0,1977.0,7,1977
1261,1261,9120,433,599,1261,76.0,1958.0,11,1958
625,1250,4017,625,625,625,35.0,2006.0,3,2006
1636,3086,18030,0,977,1598,138.0,1979.0,3,1946
1170,2345,16560,360,449,952,80.0,1932.0,7,1932
2129,2872,10678,541,983,1683,85.0,1992.0,4,1992
923,923,6951,264,218,876,37.0,1984.0,10,1984
818,1224,3950,210,350,818,0.0,1926.0,12,1926
820,1343,7681,186,731,731,54.0,1921.0,7,1921
1124,1124,8335,0,0,0,77.0,1979.0,4,1954
1298,2514,11170,693,0,1216,0.0,1990.0,4,1990
1652,1652,5587,482,120,1600,64.0,2008.0,11,2008
2411,4476,15623,813,300,2396,160.0,1996.0,7,1996
1130,1130,10800,720,299,1120,60.0,1970.0,6,1920
1572,1572,35133,995,413,1572,50.0,1963.0,5,1963
949,1221,9738,392,392,784,60.0,1965.0,3,1924
1014,1699,10615,420,538,978,107.0,1920.0,8,1900
1624,1624,12461,757,168,1624,89.0,1994.0,7,1994
831,1660,8935,493,831,831,68.0,2002.0,7,2002
1028,1804,7500,442,994,994,60.0,1999.0,6,1999
1622,1622,32463,1356,90,1249,0.0,1975.0,3,1961
764,1441,2645,492,776,776,24.0,1999.0,11,1999
842,1472,9600,250,702,702,60.0,1925.0,7,1925
1224,1224,4500,402,341,1224,0.0,1999.0,6,1999
663,1352,9364,299,292,663,80.0,1969.0,3,1969
728,1456,8029,400,728,728,51.0,2005.0,7,2005
879,1863,14054,660,879,879,58.0,2006.0,11,2006
815,1690,8850,225,815,815,65.0,1916.0,7,1916
1212,1212,9100,573,1212,1212,70.0,2001.0,6,2001
1382,1382,11235,459,504,1051,75.0,1974.0,10,1963
864,864,9353,280,864,864,71.0,1972.0,7,1970
866,1779,10400,546,866,866,80.0,1998.0,3,1998
884,1348,6000,216,884,884,50.0,1960.0,5,1925
1630,1630,9750,451,1630,1630,75.0,2000.0,10,2000
1074,1074,10140,495,268,1056,78.0,1975.0,7,1975
2196,2196,14684,701,1496,2158,90.0,1990.0,6,1990
1056,1056,8900,384,0,1056,0.0,1966.0,11,1966
1700,1700,9135,544,1342,1682,70.0,2003.0,5,2003
1283,1283,7763,506,319,931,70.0,1980.0,10,1962
1660,1660,10182,500,440,1660,85.0,2006.0,5,2006
1055,1845,11218,462,1055,1055,70.0,1992.0,5,1992
1080,1752,12134,492,132,559,152.0,1988.0,6,1988
672,672,9340,234,328,672,50.0,1941.0,8,1941
960,960,10246,364,0,648,0.0,1965.0,5,1965
999,999,10205,300,141,925,69.0,1962.0,5,1962
894,894,7094,384,340,894,99.0,1966.0,5,1966
1318,1902,8930,539,0,0,68.0,1978.0,4,1978
1314,1314,8640,552,364,1300,72.0,2009.0,9,2009
672,912,6240,0,0,0,52.0,1979.0,7,1947
672,1218,1680,0,672,672,21.0,1979.0,4,1971
912,912,7800,288,0,912,66.0,1964.0,11,1964
1211,1211,8250,322,210,952,55.0,1968.0,8,1968
1168,1846,10496,315,844,1040,78.0,1949.0,1,1949
2136,2136,10680,528,1380,2136,89.0,1951.0,10,1951
788,1490,15384,388,64,788,60.0,2004.0,2,2004
1138,1138,10482,264,81,588,65.0,1958.0,6,1958
894,1933,14598,668,894,894,86.0,2007.0,1,2007
912,912,8872,576,317,912,72.0,1992.0,12,1965
1702,1702,8769,1052,162,1702,65.0,2008.0,10,2008
1507,1507,7910,404,409,1075,70.0,1960.0,8,1960
1361,2620,18890,600,652,1361,0.0,1977.0,8,1977
1190,1190,7728,540,303,1106,70.0,1962.0,5,1962
1224,1224,9842,462,0,0,70.0,1962.0,3,1962
1188,1188,12160,531,188,1188,0.0,1959.0,5,1959
1024,1964,8525,0,940,940,55.0,1979.0,11,1911
892,1784,13132,180,747,747,96.0,1914.0,7,1914
764,1626,2628,474,764,764,36.0,2003.0,6,2003
847,1948,12393,434,847,847,41.0,2004.0,9,2004
1141,1141,13072,484,1141,1141,63.0,2005.0,3,2005
1484,1484,9037,472,1048,1476,64.0,2006.0,12,2006
884,1768,8158,543,334,884,65.0,2003.0,7,2003
1689,1689,9849,954,1689,1689,83.0,2007.0,6,2007
1173,1173,10625,528,0,1053,85.0,1974.0,1,1974
2076,2076,13891,850,690,2076,107.0,2006.0,9,2006
792,1517,11435,400,792,792,0.0,1931.0,6,1929
1140,1868,12090,477,585,585,78.0,1984.0,1,1984
756,1553,8125,615,756,756,65.0,2005.0,3,2005
1034,1034,12328,888,473,1012,0.0,1976.0,5,1976
1134,2058,9600,396,416,735,60.0,1950.0,4,1917
988,988,7200,276,246,876,60.0,1950.0,5,1950
2110,2110,11160,522,1045,2110,93.0,1968.0,4,1968
1405,1405,3136,478,1405,1405,0.0,2003.0,3,2003
874,874,9858,288,354,864,62.0,1968.0,11,1968
1516,2167,17542,518,36,1192,0.0,1974.0,7,1974
760,1656,6931,397,746,746,60.0,2003.0,7,2003
959,1367,6240,560,459,884,52.0,1978.0,11,1931
1987,1987,14303,691,672,1986,91.0,1994.0,8,1994
864,864,4060,0,864,864,56.0,1979.0,7,1922
1166,1166,9587,400,201,856,59.0,2005.0,7,2005
1054,1054,9750,460,14,1054,65.0,1969.0,7,1969
892,1675,24682,502,841,841,0.0,1999.0,6,1999
1050,1050,9600,338,546,1050,80.0,1956.0,6,1956
1104,1788,11250,304,1104,1104,0.0,1957.0,11,1957
1060,1824,13515,520,764,764,60.0,1940.0,7,1919
1337,1337,4060,511,1139,1405,34.0,1998.0,8,1998
713,1452,3735,506,241,691,35.0,1999.0,3,1999
964,1889,10120,308,925,925,60.0,1960.0,1,1910
2018,2018,13214,746,2002,2002,89.0,2009.0,5,2008
1968,3447,14100,1014,536,728,0.0,1982.0,5,1935
874,1524,11344,315,414,874,78.0,1958.0,7,1958
1332,1524,23595,586,74,1332,0.0,1979.0,4,1979
1489,1489,9156,462,1489,1489,0.0,1968.0,8,1968
935,935,13526,288,0,935,0.0,1965.0,11,1965
1357,1357,11512,312,300,1019,124.0,1959.0,5,1959
661,1250,5362,552,661,661,53.0,1985.0,11,1910
928,1920,11345,400,708,928,95.0,1948.0,7,1948
735,1395,12936,497,130,723,0.0,1972.0,12,1972
1724,1724,17871,480,1152,1680,0.0,1967.0,6,1967
1128,2031,9473,577,324,1128,75.0,2002.0,3,2002
1573,1573,9808,544,785,1573,67.0,2002.0,3,2002
1339,1339,8049,484,256,1309,50.0,1990.0,7,1990
1040,1040,8800,484,364,1040,61.0,1977.0,9,1977
912,1824,9400,0,912,912,94.0,1979.0,4,1971
1699,2447,9638,336,804,804,50.0,1969.0,3,1919
825,1412,6000,280,780,780,50.0,1939.0,5,1939
1328,1328,9790,528,678,1328,0.0,1963.0,6,1963
1582,1582,36500,390,812,1624,0.0,1964.0,6,1964
1659,1659,5664,499,343,1501,40.0,2000.0,10,2000
1120,1970,11065,753,1085,1085,86.0,2006.0,10,2006
1152,1152,14112,484,138,1152,0.0,1964.0,4,1964
630,1302,1680,264,399,630,21.0,1972.0,2,1972
1378,2372,6600,432,994,994,60.0,1985.0,12,1892
832,1664,10140,528,638,832,78.0,1976.0,3,1976
864,864,8172,572,697,864,60.0,1957.0,4,1955
1052,1052,8400,288,36,1052,70.0,1968.0,11,1968
1128,1128,8700,525,344,1120,80.0,1963.0,12,1963
1072,1072,3675,525,0,547,35.0,2005.0,6,2005
4692,5642,63887,1418,466,6110,313.0,2008.0,1,2008
1246,1246,7500,305,0,1246,75.0,1959.0,5,1959
1005,1983,10762,490,284,978,0.0,1999.0,5,1999
753,1494,7500,213,224,771,0.0,1942.0,11,1942
1203,2526,10120,844,425,1165,92.0,1994.0,12,1994
1616,1616,8688,834,1616,1616,73.0,2005.0,4,2005
976,1708,3363,380,976,976,32.0,2004.0,4,2004
1652,1652,13173,840,80,1652,108.0,2006.0,11,2006
1368,1368,6955,474,1368,1368,48.0,2005.0,9,2005
990,990,8072,480,244,990,60.0,2000.0,5,1994
1122,1122,12000,528,172,924,100.0,1948.0,5,1948
1294,1294,7153,496,78,1278,0.0,1991.0,6,1991
1902,1902,17500,567,496,1902,100.0,1959.0,5,1959
1274,1274,8814,508,349,1274,68.0,2005.0,1,2005
1453,2810,9572,750,971,1453,0.0,1990.0,6,1990
1422,2599,14774,779,1393,1393,108.0,1999.0,5,1999
948,948,8190,280,216,948,60.0,1956.0,10,1954
1092,2112,11075,576,176,952,85.0,1969.0,6,1969
1630,1630,10226,860,1622,1622,61.0,2008.0,1,2008
1352,1352,4230,466,1352,1352,47.0,2006.0,4,2006
1787,1787,14781,748,1753,1753,0.0,2001.0,8,2001
948,948,10215,248,372,864,75.0,1954.0,2,1954
1478,1478,8400,442,628,1478,70.0,1957.0,6,1957
720,720,6627,287,0,0,0.0,1955.0,7,1949
1061,1923,10186,564,76,750,107.0,1992.0,6,1992
708,708,5330,0,140,420,50.0,1979.0,12,1940
1795,1795,9986,895,1795,1795,75.0,2007.0,2,2006
796,796,3636,0,796,796,40.0,1979.0,1,1922
774,774,4270,0,0,544,70.0,1979.0,5,1931
816,816,6600,264,175,816,60.0,1982.0,10,1982
1584,2792,10440,520,1017,1510,60.0,1920.0,6,1920
955,1632,9084,462,935,935,63.0,1998.0,6,1998
1588,1588,10000,825,1588,1588,85.0,2006.0,12,2006
954,954,10780,576,428,911,55.0,1976.0,7,1976
816,816,8877,288,126,816,67.0,1958.0,5,1938
803,1360,7200,297,803,803,60.0,1951.0,7,1938
765,1365,2368,440,0,765,24.0,1970.0,5,1970
1334,1334,9650,630,664,1350,80.0,1977.0,4,1977
1656,1656,9246,506,1656,1656,87.0,1973.0,11,1973
693,693,4118,0,693,693,153.0,1979.0,3,1941
920,1861,13450,492,216,916,95.0,2002.0,6,2002
864,864,9560,288,504,864,120.0,1972.0,6,1972
872,872,8294,480,858,858,70.0,1974.0,6,1971
1114,1114,13695,576,300,1114,66.0,2004.0,7,2003
1284,2169,9375,647,1284,1284,0.0,2002.0,8,2002
1172,1913,7558,342,896,896,57.0,1929.0,3,1928
728,1456,11103,440,728,728,85.0,2006.0,7,2006
960,960,6000,308,710,960,50.0,1997.0,7,1920
2156,2156,20781,508,1203,1568,0.0,1968.0,6,1968
1776,1776,15306,712,1652,1732,93.0,2006.0,5,2006
1494,1494,16196,514,39,1482,0.0,1998.0,8,1998
938,2358,5250,0,425,684,50.0,1979.0,12,1872
1338,2634,11643,968,748,1248,91.0,1969.0,8,1969
858,1716,9247,490,539,858,70.0,1962.0,3,1962
786,1176,6000,624,698,698,50.0,1999.0,7,1937
2053,3238,14720,666,1217,2033,56.0,1996.0,3,1995
992,1865,10316,839,257,992,0.0,2000.0,6,2000
1222,1920,10192,487,570,570,102.0,1968.0,9,1968
892,892,9477,264,524,864,0.0,1966.0,10,1966
1078,1078,12537,500,344,1078,0.0,1971.0,4,1971
769,1573,2117,440,378,756,0.0,2000.0,6,2000
1980,1980,16737,770,533,1980,129.0,2004.0,9,2004
990,2601,9842,621,612,612,51.0,1998.0,5,1921
1530,1530,16158,430,256,1530,124.0,2005.0,6,2005
1281,1738,12513,368,715,715,0.0,1920.0,6,1920
616,1412,8499,432,616,616,73.0,2007.0,3,2006
520,1200,3180,480,600,600,30.0,2005.0,4,2005
814,1674,7500,663,281,814,0.0,2000.0,1,2000
882,1790,9179,588,240,873,68.0,1999.0,6,1999
925,1475,2665,336,36,757,41.0,1977.0,7,1977
848,848,4435,420,163,848,0.0,2003.0,6,2003
1668,1668,10635,502,315,1657,48.0,2003.0,5,2003
840,1374,5400,338,420,840,90.0,1967.0,10,1920
1661,1661,9600,377,161,992,80.0,1955.0,10,1955
1108,2097,9750,583,133,1108,75.0,1998.0,6,1998
2633,2633,11400,804,1351,2633,0.0,2001.0,3,2001
1026,1958,10625,936,1026,1026,85.0,2005.0,7,2005
1571,1571,10991,722,1571,1571,89.0,2007.0,12,2007
790,790,6292,160,384,768,52.0,1925.0,4,1930
984,1604,10998,660,156,984,60.0,1977.0,7,1941
483,987,1953,264,174,483,21.0,1973.0,6,1973
754,1394,9735,400,384,384,73.0,2007.0,5,2006
864,864,8212,200,661,864,45.0,1938.0,6,1914
2117,2117,12925,550,340,1205,0.0,1970.0,5,1970
998,1762,7200,576,596,596,60.0,1989.0,10,1920
1416,1416,25339,576,816,816,0.0,2007.0,8,1918
698,1258,9060,280,356,560,60.0,1939.0,10,1939
796,1154,5436,240,61,796,40.0,1922.0,5,1922
1392,2784,16692,564,133,1392,80.0,1978.0,7,1978
1664,2526,8520,216,0,714,60.0,1916.0,8,1916
1746,1746,14892,758,426,1746,42.0,2006.0,10,2006
869,1218,6000,440,360,735,60.0,2003.0,3,1941
1525,1525,9100,541,125,1525,70.0,2000.0,9,2000
1584,1584,8944,792,1584,1584,65.0,1967.0,4,1967
900,900,7838,288,95,864,68.0,1967.0,12,1967
1221,1912,10800,672,482,482,60.0,2003.0,4,1905
1500,1500,4045,648,286,1356,53.0,2006.0,10,2006
1133,2482,12665,642,1094,1094,88.0,2005.0,2,2005
1687,1687,57200,572,60,747,0.0,1966.0,6,1948
939,1513,6120,180,939,939,51.0,1933.0,5,1920
1136,1904,7200,240,676,1208,60.0,1950.0,5,1950
1160,1608,6171,216,712,976,51.0,1925.0,10,1925
950,1158,6000,208,862,862,50.0,1929.0,7,1929
864,1593,7415,398,80,839,62.0,2004.0,4,2004
1294,1294,6762,662,1286,1286,64.0,2006.0,7,2006
1464,1464,15256,754,556,1485,49.0,2007.0,8,2007
694,1214,10410,936,672,672,60.0,1998.0,1,1915
1646,1646,3842,482,221,1594,44.0,2004.0,1,2004
768,768,8445,396,112,768,70.0,1988.0,3,1972
833,833,8780,0,208,833,0.0,1979.0,3,1985
741,1363,7740,528,622,622,60.0,1966.0,6,1910
1236,2093,20544,542,791,791,46.0,1986.0,11,1986
944,1840,12420,622,278,944,79.0,2001.0,6,2001
1112,1668,9600,271,736,856,80.0,1950.0,9,1950
1040,1040,7200,420,0,0,60.0,1956.0,6,1949
1844,1844,10994,620,868,1844,88.0,2005.0,9,2005
1053,1848,13053,370,833,833,64.0,1922.0,6,1923
1569,1569,3635,660,398,1386,51.0,2007.0,5,2007
1246,2290,11340,560,777,777,60.0,1971.0,4,1885
1310,2450,16545,1069,503,1284,0.0,1998.0,5,1998
1144,1144,9204,336,247,1144,71.0,1962.0,8,1963
1844,1844,16381,540,734,1844,0.0,1969.0,12,1969
708,1416,11700,776,304,708,90.0,1968.0,5,1968
1069,1069,4043,440,709,1069,53.0,1977.0,7,1977
848,848,4435,420,162,848,37.0,2003.0,3,2003
1575,2201,19690,432,697,697,0.0,1966.0,8,1966
1344,1344,9503,484,193,1024,0.0,1970.0,6,1958
1252,1252,10721,528,1252,1252,80.0,1960.0,10,1959
1223,2127,10944,525,223,1223,81.0,1994.0,8,1994
1048,1558,10930,288,333,913,60.0,1962.0,4,1945
804,804,7200,240,278,788,60.0,1940.0,2,1940
1440,1440,12546,467,762,1440,0.0,1981.0,4,1981
734,1838,21930,372,732,732,60.0,2005.0,7,2005
958,958,4928,440,0,958,0.0,1976.0,10,1976
968,968,10800,216,656,656,60.0,1928.0,8,1927
962,1792,10261,451,936,936,93.0,2000.0,5,2000
1126,1126,17400,484,190,1126,80.0,1977.0,5,1977
1537,1537,8400,462,1319,1319,80.0,1962.0,7,1962
864,864,9000,528,248,864,60.0,1974.0,5,1971
1932,1932,12444,774,596,1932,96.0,2008.0,11,2008
1236,1236,7407,923,312,912,90.0,1957.0,4,1957
1040,1725,11584,550,114,539,80.0,1979.0,11,1979
1423,2555,11526,672,588,588,79.0,1993.0,9,1922
848,848,4426,420,151,848,0.0,2004.0,5,2004
1026,2007,11003,812,252,1017,85.0,2008.0,4,2008
952,952,8854,192,952,952,0.0,1916.0,5,1916
1422,1422,8500,626,1422,1422,63.0,2004.0,11,2004
913,913,8400,240,0,814,70.0,1990.0,5,1966
1188,1188,26142,312,595,1188,0.0,1962.0,4,1962
1220,2090,10000,556,141,1220,80.0,1995.0,12,1995
796,1346,11767,384,560,560,70.0,1950.0,5,1910
630,630,1533,0,77,630,21.0,1979.0,8,1970
896,1792,9000,0,896,896,60.0,1979.0,9,1974
1578,1578,9262,840,1573,1573,78.0,2008.0,5,2008
1072,1072,3675,525,0,547,35.0,2005.0,5,2005
1140,1140,17217,0,1140,1140,90.0,1979.0,7,2006
1221,1221,7500,400,811,1221,62.0,2004.0,10,2004
953,1647,7917,460,953,953,62.0,1999.0,8,1999
2073,2073,13175,500,589,1542,85.0,1978.0,2,1978
1188,2340,9042,252,877,1152,66.0,1941.0,5,1941
1078,1078,9717,240,0,1078,68.0,1950.0,4,1950
1256,1256,9937,276,136,1256,75.0,1965.0,6,1965
