Id,firstflrsf,GrLivArea,LotArea,GarageArea,BsmtUnfSF,TotalBsmtSF,LotFrontage,GarageYrBlt,MoSold,YearBuilt,SalePrice
1,856,1710,8450,548,150,856,65.0,2003.0,2,2003,208500
2,1262,1262,9600,460,284,1262,80.0,1976.0,5,1976,181500
3,920,1786,11250,608,434,920,68.0,2001.0,9,2001,223500
4,961,1717,9550,642,540,756,60.0,1998.0,2,1915,140000
5,1145,2198,14260,836,490,1145,84.0,2000.0,12,2000,250000
6,796,1362,14115,480,64,796,85.0,1993.0,10,1993,143000
7,1694,1694,10084,636,317,1686,75.0,2004.0,8,2004,307000
8,1107,2090,10382,484,216,1107,0.0,1973.0,11,1973,200000
9,1022,1774,6120,468,952,952,51.0,1931.0,4,1931,129900
10,1077,1077,7420,205,140,991,50.0,1939.0,1,1939,118000
11,1040,1040,11200,384,134,1040,70.0,1965.0,2,1965,129500
12,1182,2324,11924,736,177,1175,85.0,2005.0,7,2005,345000
13,912,912,12968,352,175,912,0.0,1962.0,9,1962,144000
14,1494,1494,10652,840,1494,1494,91.0,2006.0,8,2006,279500
15,1253,1253,10920,352,520,1253,0.0,1960.0,5,1960,157000
16,854,854,6120,576,832,832,51.0,1991.0,7,1929,132000
17,1004,1004,11241,480,426,1004,0.0,1970.0,3,1970,149000
18,1296,1296,10791,516,0,0,72.0,1967.0,10,1967,90000
19,1114,1114,13695,576,468,1114,66.0,2004.0,6,2004,159000
20,1339,1339,7560,294,525,1029,70.0,1958.0,5,1958,139000
21,1158,2376,14215,853,1158,1158,101.0,2005.0,11,2005,325300
22,1108,1108,7449,280,637,637,57.0,1930.0,6,1930,139400
23,1795,1795,9742,534,1777,1777,75.0,2002.0,9,2002,230000
24,1060,1060,4224,572,200,1040,44.0,1976.0,6,1976,129900
25,1060,1060,8246,270,204,1060,0.0,1968.0,5,1968,154000
26,1600,1600,14230,890,1566,1566,110.0,2007.0,7,2007,256300
27,900,900,7200,576,180,900,60.0,2005.0,5,1951,134800
28,1704,1704,11478,772,486,1704,98.0,2008.0,5,2007,306000
29,1600,1600,16321,319,207,1484,47.0,1957.0,12,1957,207500
30,520,520,6324,240,520,520,60.0,1920.0,5,1927,68500
32,1228,1228,8544,271,1228,1228,0.0,1966.0,6,1966,149350
33,1234,1234,11049,484,1234,1234,85.0,2007.0,1,2007,179900
34,1700,1700,10552,447,380,1398,70.0,1959.0,4,1959,165500
35,1561,1561,7313,556,408,1561,60.0,2005.0,8,2005,277500
36,1132,2452,13418,691,1117,1117,108.0,2004.0,9,2004,309000
37,1097,1097,10859,672,1097,1097,112.0,1995.0,6,1994,145000
38,1297,1297,8532,498,84,1297,74.0,1954.0,10,1954,153000
39,1057,1057,7922,246,326,1057,68.0,1953.0,1,1953,109000
40,1152,1152,6040,0,0,0,65.0,1979.0,6,1955,82000
41,1324,1324,8658,440,445,1088,84.0,1965.0,12,1965,160000
42,1328,1328,16905,308,383,1350,115.0,1959.0,7,1959,170000
43,884,884,9180,504,0,840,0.0,1983.0,12,1983,144000
44,938,938,9200,308,167,938,0.0,1977.0,7,1975,130250
45,1150,1150,7945,300,465,1150,70.0,1959.0,5,1959,141000
46,1752,1752,7658,576,1296,1752,61.0,2005.0,2,2005,319900
47,1518,2149,12822,670,83,1434,48.0,2003.0,8,2003,239686
48,1656,1656,11096,826,1632,1656,84.0,2006.0,7,2006,249700
49,736,1452,4456,0,736,736,33.0,1979.0,6,1920,113000
50,955,955,7742,386,192,955,66.0,1966.0,1,1966,127000
51,794,1470,13869,388,612,794,0.0,1997.0,7,1997,177000
52,816,1176,6240,528,816,816,52.0,1985.0,9,1934,114500
53,816,816,8472,516,0,816,110.0,1963.0,5,1963,110000
54,1842,1842,50271,894,32,1842,68.0,1981.0,11,1981,385000
55,1360,1360,7134,572,0,384,60.0,1962.0,2,1955,130000
56,1425,1425,10175,576,935,1425,100.0,1964.0,7,1964,180500
57,983,1739,2645,480,321,970,24.0,1999.0,8,1999,172500
58,860,1720,11645,565,860,860,89.0,2004.0,8,2004,196500
59,1426,2945,13682,641,1410,1410,66.0,2006.0,10,2006,438780
60,780,780,7200,352,148,780,60.0,1973.0,1,1972,124900
61,1158,1158,13072,576,217,1158,63.0,2006.0,5,2004,158000
62,581,1111,7200,288,530,530,60.0,1935.0,3,1920,101000
63,1370,1370,6442,484,1346,1370,44.0,2006.0,10,2006,202500
64,902,1710,10300,480,576,576,50.0,1990.0,4,1921,140000
65,1057,2034,9375,645,318,1057,0.0,1998.0,2,1997,219500
66,1143,2473,9591,852,1143,1143,76.0,2004.0,10,2004,317000
67,2207,2207,19900,576,1035,1947,0.0,1970.0,7,1970,180000
68,1479,1479,10665,558,440,1453,72.0,2003.0,6,2003,226000
69,747,747,4608,220,747,747,47.0,1945.0,6,1945,80000
70,1304,2287,15593,667,701,1304,81.0,1953.0,7,1953,225000
71,2223,2223,13651,516,343,2223,95.0,1973.0,2,1973,244000
72,845,845,7599,360,280,845,69.0,1987.0,6,1982,129500
73,885,1718,10141,427,832,832,74.0,1998.0,12,1998,185000
74,1086,1086,10200,490,404,1086,85.0,1989.0,5,1954,144900
75,840,1605,5790,379,840,840,60.0,1915.0,5,1915,107400
76,526,988,1596,297,0,462,21.0,1973.0,11,1973,91000
77,952,952,8475,283,724,952,0.0,1956.0,4,1956,135750
78,1072,1285,8635,240,295,672,50.0,1948.0,1,1948,127000
79,1768,1768,10778,0,1768,1768,72.0,1979.0,4,1968,136500
80,682,1230,10440,440,440,440,60.0,1966.0,5,1910,110000
81,1182,2142,13000,509,448,896,100.0,1968.0,6,1968,193500
82,1337,1337,4500,405,36,1237,32.0,1998.0,3,1998,153500
83,1563,1563,10206,758,1530,1563,78.0,2007.0,10,2007,245000
84,1065,1065,8892,461,1065,1065,80.0,1974.0,7,1960,126500
85,804,1474,8530,400,384,384,0.0,1995.0,5,1995,168500
86,1301,2417,16059,462,1288,1288,121.0,1991.0,4,1991,260000
87,684,1560,11911,400,684,684,122.0,2005.0,3,2005,174000
88,612,1224,3951,528,612,612,40.0,2009.0,6,2009,164500
90,990,990,8070,0,402,990,60.0,1979.0,8,1994,123600
91,1040,1040,7200,420,0,0,60.0,1950.0,7,1950,109900
92,1235,1235,8500,480,635,1235,85.0,1961.0,12,1961,98600
93,964,964,13360,432,163,876,80.0,1921.0,8,1921,163500
95,905,1786,9337,684,176,824,69.0,1997.0,5,1997,204750
96,680,1470,9765,420,370,680,0.0,1993.0,4,1993,185000
97,1588,1588,10264,472,426,1588,78.0,1999.0,8,1999,214000
98,960,960,10921,432,440,960,73.0,1965.0,5,1965,94750
99,835,835,10625,366,350,458,85.0,1920.0,5,1920,83000
100,1225,1225,9320,0,381,950,77.0,1979.0,1,1959,128950
101,1610,1610,10603,480,410,1610,0.0,1977.0,2,1977,205000
102,977,1732,9206,476,741,741,77.0,1985.0,6,1985,178000
103,1535,1535,7018,410,0,0,64.0,1979.0,6,1979,118964
104,1226,1226,10402,740,1226,1226,94.0,2009.0,5,2009,198900
105,1226,1818,7758,240,816,1040,0.0,1951.0,6,1931,169500
106,1053,1992,9375,648,1053,1053,75.0,2003.0,8,2003,250000
107,1047,1047,10800,273,641,641,60.0,1954.0,8,1885,100000
108,789,789,6000,250,516,789,50.0,1948.0,4,1948,115000
109,997,1517,8500,0,793,793,85.0,1979.0,8,1919,115000
110,1844,1844,11751,546,1139,1844,105.0,1977.0,1,1977,190000
111,1216,1855,9525,325,550,994,75.0,1954.0,10,1954,136900
112,774,1430,7750,400,134,384,0.0,2000.0,4,2000,180000
113,1282,2696,9965,792,280,1264,77.0,2007.0,10,2007,383970
114,2259,2259,21000,450,905,1809,0.0,1953.0,10,1953,217000
115,1436,2320,7259,180,104,1028,61.0,1945.0,7,1945,259500
116,729,1458,3230,440,310,729,34.0,1999.0,6,1999,176000
117,1092,1092,11616,288,252,1092,0.0,1962.0,9,1962,139000
118,1125,1125,8536,430,1125,1125,74.0,2007.0,4,2006,155000
119,1699,3222,12376,594,203,1673,90.0,1990.0,5,1990,320000
120,728,1456,8461,390,728,728,65.0,2005.0,7,2005,163990
121,988,988,21453,540,0,938,0.0,1969.0,10,1969,180000
122,772,1123,6060,264,732,732,50.0,1979.0,6,1939,100000
123,1080,1080,9464,288,510,1080,75.0,1958.0,6,1958,136000
124,1199,1199,7892,530,899,1199,55.0,1993.0,3,1993,153900
125,1586,1586,17043,435,1362,1362,48.0,1979.0,1,1979,181000
126,520,754,6780,0,30,520,60.0,1979.0,6,1935,84500
127,958,958,4928,440,958,1078,0.0,1977.0,2,1976,128000
128,840,840,4388,0,556,672,55.0,1979.0,6,1930,87000
129,660,1348,7590,453,148,660,69.0,1966.0,7,1966,155000
130,1053,1053,8973,750,413,1008,69.0,1998.0,7,1958,150000
131,1216,2157,14200,487,479,924,88.0,1966.0,5,1966,226000
132,1022,2054,12224,390,297,992,0.0,2000.0,7,2000,244000
133,1327,1327,7388,624,658,1063,75.0,1974.0,7,1959,150750
134,1296,1296,6853,471,262,1267,0.0,2001.0,6,2001,220000
135,1721,1721,10335,440,891,1461,78.0,1968.0,7,1968,180000
136,1682,1682,10400,530,1304,1304,80.0,1970.0,5,1970,174000
137,1214,1214,10355,318,519,1214,0.0,1967.0,7,1967,143000
138,1959,1959,11070,766,1907,1907,82.0,1989.0,7,1988,171000
139,1004,1852,9066,660,336,1004,73.0,1999.0,12,1999,230000
140,928,1764,15426,470,107,928,65.0,1997.0,8,1997,231500
141,864,864,10500,0,432,864,70.0,1979.0,4,1971,115000
142,1734,1734,11645,660,434,1734,78.0,2005.0,1,2005,260000
143,910,1385,8520,720,403,910,71.0,2000.0,6,1952,166000
144,1501,1501,10335,577,811,1490,78.0,1999.0,6,1999,204000
145,1728,1728,9100,504,396,1728,70.0,1963.0,11,1963,125000
146,970,1709,2522,380,970,970,24.0,2004.0,4,2004,130000
147,875,875,6120,180,506,715,51.0,1931.0,11,1931,105000
148,884,2035,9505,434,884,884,0.0,2001.0,5,2001,222500
149,1080,1080,7500,0,400,1080,63.0,1979.0,4,2004,141000
150,896,1344,6240,240,896,896,0.0,1936.0,4,1936,115000
151,969,969,10356,440,253,969,120.0,1975.0,1,1975,122000
152,1710,1710,13891,866,310,1710,107.0,2007.0,1,2007,372402
153,1097,1993,14803,495,409,825,0.0,1971.0,6,1971,190000
154,1252,1252,13500,564,93,1602,0.0,1960.0,3,1960,235000
155,1200,1200,11340,312,1200,1200,84.0,1923.0,3,1923,125000
156,572,1096,9600,0,572,572,60.0,1979.0,4,1924,79000
157,1040,1040,7200,625,0,0,60.0,1950.0,6,1950,109500
158,774,1968,12003,680,774,774,92.0,2009.0,5,2009,269500
159,991,1947,12552,678,769,991,100.0,2004.0,5,2004,254900
160,1392,2462,19378,576,1335,1392,134.0,2006.0,3,2005,320000
161,1232,1232,11120,516,572,1232,0.0,1984.0,6,1984,162500
162,1572,2668,13688,726,556,1572,110.0,2003.0,3,2003,412500
163,1541,1541,12182,532,340,1541,95.0,2005.0,5,2005,220000
164,882,882,5500,0,882,882,55.0,1979.0,4,1956,103200
165,1149,1616,5400,216,779,1149,40.0,1926.0,10,1926,152000
166,808,1355,10106,0,112,644,62.0,1979.0,9,1940,127500
167,1867,1867,10708,303,470,1617,0.0,1955.0,11,1955,190000
168,1610,2161,10562,789,294,1582,86.0,2007.0,11,2007,325624
169,840,1720,8244,440,840,840,62.0,2004.0,5,2004,183500
170,1707,1707,16669,511,1686,1686,0.0,1981.0,1,1981,228000
171,854,1382,12358,660,360,720,0.0,1991.0,5,1941,128500
172,1656,1656,31770,528,441,1080,141.0,1960.0,5,1960,215000
173,1064,1767,5306,504,354,1064,44.0,1987.0,6,1987,239000
174,1362,1362,10197,504,700,1362,80.0,1961.0,6,1961,163000
175,1651,1651,12416,616,0,1606,47.0,1986.0,11,1986,184000
176,2158,2158,12615,576,725,1202,84.0,1950.0,6,1950,243000
177,1164,2060,10029,521,320,1151,97.0,1988.0,9,1988,211000
178,1252,1920,13650,451,554,1052,0.0,1958.0,7,1958,172500
179,2234,2234,17423,1166,312,2216,63.0,2009.0,7,2008,501837
180,968,968,8520,480,968,968,60.0,1935.0,7,1923,100000
181,769,1525,2117,440,320,756,0.0,2000.0,6,2000,177000
182,901,1802,7588,216,441,793,54.0,1920.0,7,1920,200100
183,1340,1340,9060,252,0,0,60.0,1957.0,6,1957,120000
184,1362,2082,11426,484,1362,1362,63.0,2003.0,6,2003,200000
185,936,1252,7438,576,504,504,92.0,1986.0,6,1908,127000
186,1518,3608,22950,840,1107,1107,90.0,1993.0,6,1892,475000
187,1217,1217,9947,497,577,1188,0.0,1990.0,6,1990,173000
188,808,1656,10410,180,660,660,60.0,1916.0,8,1916,135000
189,1224,1224,7018,528,0,1086,64.0,1979.0,6,1979,153337
190,1593,1593,4923,682,440,1593,41.0,2001.0,8,2001,286000
191,1549,2727,10570,440,556,853,70.0,1932.0,12,1932,315000
192,725,1479,7472,484,99,725,0.0,1972.0,6,1972,184000
193,1431,1431,9017,666,871,1431,68.0,1999.0,9,1999,192000
194,970,1709,2522,380,970,970,24.0,2004.0,5,2004,130000
195,864,864,7180,352,474,864,60.0,1989.0,5,1972,127000
196,855,1456,2280,440,289,855,24.0,1976.0,7,1976,148500
197,1726,1726,9416,786,600,1726,79.0,2007.0,9,2007,311872
198,1360,3112,25419,795,140,1360,174.0,1918.0,3,1918,235000
199,929,2229,5520,0,755,755,92.0,1979.0,7,1912,104000
200,1713,1713,9591,856,625,1713,76.0,2004.0,1,2004,274900
201,1121,1121,8546,440,1121,1121,80.0,2003.0,3,2003,140000
202,1279,1279,10125,473,276,1196,75.0,1980.0,2,1977,171500
203,865,1310,7000,398,0,617,50.0,1924.0,5,1924,112000
204,848,848,4438,420,186,848,0.0,2004.0,1,2004,149000
205,720,1284,3500,240,408,720,50.0,1948.0,4,1947,110000
206,1442,1442,11851,500,1424,1424,99.0,1990.0,5,1990,180500
207,1696,1696,13673,349,1140,1140,40.0,1962.0,3,1962,143900
208,1100,1100,12493,312,375,1100,0.0,1960.0,4,1960,141000
209,1180,2062,14364,454,92,1157,0.0,1988.0,4,1988,277000
210,1092,1092,8250,504,305,1092,75.0,1964.0,7,1964,145000
211,864,864,5604,0,396,864,67.0,1979.0,4,1925,98000
212,1212,1212,10420,460,1176,1212,83.0,2009.0,3,2009,186000
213,932,1852,8640,644,78,900,72.0,2009.0,7,2009,252678
214,990,990,13568,576,274,990,43.0,1996.0,7,1995,156000
215,689,1392,10900,299,311,689,0.0,1977.0,3,1977,161750
216,1236,1236,10011,447,710,1070,72.0,1957.0,5,1957,134450
217,1436,1436,8450,484,490,1436,65.0,2004.0,4,2004,210000
218,810,1328,9906,210,686,686,57.0,1940.0,9,1925,107000
219,1137,1954,15660,431,457,798,0.0,1939.0,5,1939,311500
220,1248,1248,3010,438,1232,1248,43.0,2005.0,3,2005,167240
221,1498,1498,8990,675,1498,1498,73.0,2006.0,4,2006,204900
222,1010,2267,8068,390,1010,1010,0.0,2002.0,12,2002,200000
223,811,1552,11475,434,163,713,85.0,1975.0,2,1975,179900
224,864,864,10500,576,160,864,70.0,1989.0,3,1971,97000
225,2392,2392,13472,968,2336,2392,103.0,2003.0,6,2003,386250
226,630,1302,1680,280,630,630,21.0,1991.0,5,1971,112000
227,1214,2520,9950,721,638,1203,82.0,1995.0,6,1995,290000
228,483,987,1869,280,162,483,21.0,1987.0,9,1970,106000
229,912,912,8521,336,70,912,70.0,1974.0,5,1967,125000
230,1555,1555,3182,430,1357,1373,43.0,2005.0,5,2005,192500
231,1194,1194,8760,312,1194,1194,73.0,1959.0,4,1959,148000
232,1490,2794,15138,810,773,1462,174.0,1995.0,7,1995,403000
233,483,987,1680,288,483,483,21.0,1972.0,6,1972,94500
234,894,894,10650,308,0,894,75.0,1976.0,2,1976,128200
235,860,1960,7851,440,235,860,0.0,2002.0,5,2002,216500
236,483,987,1680,264,125,483,21.0,1971.0,8,1971,89500
237,1414,1414,8773,494,1390,1414,65.0,2004.0,5,2004,185500
238,1014,1744,9453,457,594,996,0.0,1993.0,2,1993,194500
239,1694,1694,12030,818,1694,1694,93.0,2007.0,12,2007,318000
240,798,1487,8741,220,641,735,52.0,1949.0,4,1945,113000
241,1566,1566,9000,750,488,1566,75.0,2008.0,4,2008,262500
242,866,866,3880,0,357,686,40.0,1979.0,8,1945,110500
243,889,1440,5000,352,540,540,63.0,1940.0,4,1900,79000
244,626,1217,10762,288,626,626,75.0,1980.0,4,1980,120000
245,1222,2110,8880,463,253,948,0.0,1994.0,5,1994,205000
246,1872,1872,10400,604,916,1845,80.0,1988.0,6,1988,241500
247,908,1928,9142,440,1020,1020,69.0,1910.0,4,1910,137000
248,1375,1375,11310,451,1367,1367,75.0,1954.0,6,1954,140000
249,840,1668,11317,500,840,840,72.0,2003.0,9,2003,180000
250,1444,2144,159000,389,747,1444,0.0,1958.0,6,1958,277000
251,1306,1306,5350,0,728,728,55.0,1979.0,5,1940,76500
252,1625,1625,4750,538,0,1573,44.0,2006.0,12,2006,235000
253,798,1640,8366,520,798,798,65.0,2004.0,12,2004,173000
254,1302,1302,9350,309,452,1302,85.0,1964.0,10,1964,158000
255,1314,1314,8400,294,392,1314,70.0,1957.0,6,1957,145000
256,1005,2291,8738,429,975,975,66.0,1999.0,2,1999,230000
257,864,1728,8791,673,361,864,64.0,2003.0,5,2003,207500
258,1604,1604,8814,660,270,1604,68.0,2006.0,3,2006,220000
259,963,1792,12435,564,602,963,80.0,2001.0,5,2001,231500
260,882,882,12702,308,0,0,70.0,1956.0,12,1956,97000
261,1382,1382,19296,884,0,1362,120.0,1991.0,5,1962,176000
262,1482,2574,9588,868,1482,1482,69.0,2007.0,11,2007,276000
263,1212,1212,8471,492,0,506,88.0,1978.0,7,1977,151000
264,926,1316,5500,484,0,926,50.0,1974.0,4,1929,130000
265,764,764,5232,504,680,680,30.0,1965.0,6,1925,73000
266,1422,1422,12090,576,606,1422,78.0,1981.0,6,1981,175500
267,802,1511,11207,413,88,802,70.0,1997.0,6,1997,185000
268,1052,2192,8400,240,342,720,60.0,1939.0,7,1939,179500
269,778,778,6900,924,212,740,71.0,1966.0,2,1940,120500
270,1113,1113,7917,504,392,1143,0.0,1987.0,5,1976,148000
271,1095,1939,10728,1053,1095,1095,84.0,2006.0,8,2006,266000
272,1363,1363,39104,439,96,1385,73.0,1954.0,4,1954,241500
273,1164,2270,11764,671,628,1152,92.0,1999.0,4,1999,290000
274,1632,1632,9600,338,0,1240,80.0,1958.0,4,1958,139000
275,816,816,8314,264,270,816,76.0,1982.0,6,1982,124500
276,952,1548,7264,672,952,952,55.0,1978.0,10,1925,205000
277,1560,1560,9196,573,1560,1560,129.0,2003.0,4,2003,201000
278,864,864,19138,400,744,864,140.0,1951.0,6,1951,141000
279,2121,2121,14450,732,2121,2121,107.0,2007.0,5,2006,415298
280,1156,2022,10005,505,768,1160,83.0,1977.0,3,1977,192000
281,1175,1982,11287,575,386,807,82.0,1989.0,1,1989,228500
282,1262,1262,7200,572,357,1262,60.0,2006.0,5,2006,185000
283,1314,1314,5063,626,410,1314,34.0,2008.0,4,2007,207500
284,1468,1468,9612,898,1468,1468,74.0,2008.0,12,2008,244600
285,1575,1575,8012,529,1145,1575,50.0,1992.0,7,1992,179200
286,625,1250,4251,528,625,625,35.0,2006.0,6,2006,164700
287,1085,1734,9786,440,312,912,77.0,1962.0,6,1962,159000
288,858,858,8125,0,244,858,0.0,1979.0,6,1971,88000
289,900,900,9819,280,432,882,0.0,1970.0,2,1967,122000
290,698,1396,8730,384,698,698,60.0,2003.0,7,1915,153575
291,1079,1919,15611,685,1079,1079,120.0,2006.0,7,2006,233230
292,936,1716,5687,0,570,780,55.0,1979.0,3,1912,135900
293,1148,1716,11409,281,476,768,60.0,1949.0,1,1949,131000
294,1468,2263,16659,539,0,795,0.0,1977.0,3,1977,235000
295,1644,1644,9600,418,131,1416,80.0,1953.0,10,1953,167000
296,1003,1003,7937,588,184,1003,37.0,1984.0,3,1984,142500
297,910,1558,13710,282,490,910,75.0,1950.0,6,1950,152000
298,975,1950,7399,576,326,975,66.0,1997.0,6,1997,239000
299,1041,1743,11700,539,143,702,90.0,1968.0,6,1968,175000
300,1152,1152,14000,300,1092,1092,80.0,1950.0,8,1950,158500
301,1336,1336,15750,375,324,1165,90.0,1953.0,6,1953,157000
302,1210,2452,16226,683,747,1028,66.0,1998.0,5,1998,267000
303,1541,1541,13704,843,1541,1541,118.0,2001.0,1,2001,205000
304,894,894,9800,552,0,894,70.0,1975.0,7,1972,149900
305,1675,3493,18386,870,1470,1470,87.0,2003.0,5,1880,295000
306,2000,2000,10386,888,536,2000,80.0,2004.0,7,2004,305900
307,1122,2243,13474,746,0,700,116.0,1990.0,6,1990,225000
308,1035,1406,7920,0,319,319,0.0,1979.0,3,1920,89500
309,861,861,12342,539,599,861,0.0,1961.0,3,1940,82500
310,1944,1944,12378,708,622,1896,90.0,2003.0,11,2003,360000
311,697,1501,7685,420,179,697,0.0,1993.0,5,1993,165600
312,972,972,8000,240,292,972,50.0,1948.0,5,1948,132000
313,793,1118,7800,410,286,793,65.0,1939.0,5,1939,119900
314,2036,2036,215245,513,80,2136,150.0,1965.0,6,1965,375000
315,832,1641,9600,546,712,728,60.0,1925.0,8,1925,178000
316,716,1432,7795,432,291,716,71.0,2004.0,7,2004,188500
317,1153,2353,13005,484,153,845,94.0,1983.0,8,1980,260000
318,1088,1959,9000,1025,1088,1088,75.0,2006.0,12,2006,270000
319,1372,2646,9900,656,360,1347,90.0,1993.0,4,1993,260000
320,1472,1472,14115,588,336,1372,0.0,1980.0,6,1980,187500
321,1249,2596,16259,840,1249,1249,111.0,2006.0,9,2006,342643
322,1136,2468,12099,872,166,1136,99.0,2004.0,6,2004,354000
323,1553,2730,10380,576,0,1502,86.0,1987.0,8,1986,301000
324,1163,1163,5820,220,906,1162,49.0,1955.0,7,1955,126175
325,1898,2978,11275,564,710,710,96.0,1961.0,6,1967,242000
326,803,803,5000,360,604,720,50.0,1941.0,12,1941,87000
327,1719,1719,10846,473,100,1719,32.0,1993.0,5,1993,324000
328,1383,1383,11600,292,818,1383,80.0,1960.0,4,1960,145250
329,1445,2134,11888,441,844,844,0.0,1930.0,7,1916,214500
330,596,1192,6402,189,596,596,60.0,1920.0,7,1920,78000
331,1728,1728,10624,352,1424,1728,0.0,2002.0,11,1964,119000
332,1056,1056,8176,308,210,1056,70.0,1958.0,8,1958,139000
333,1629,1629,10655,880,1603,3206,85.0,2003.0,10,2003,284000
334,1358,1358,8198,484,638,1358,59.0,2004.0,7,2004,207000
335,943,1638,9042,472,115,943,59.0,1998.0,7,1998,192000
336,1619,1786,164660,529,103,1499,0.0,1965.0,8,1965,228950
337,1922,1922,14157,676,673,1922,86.0,2005.0,7,2005,377426
338,1536,1536,9135,532,726,1536,70.0,2002.0,12,2002,214000
339,1621,1621,14145,440,995,1208,91.0,1984.0,5,1984,202500
340,1215,1215,12400,297,630,1215,66.0,1958.0,6,1958,155000
341,993,1908,14191,431,967,967,85.0,2002.0,4,2002,202900
342,841,841,8400,294,721,721,60.0,1950.0,9,1950,82000
343,1040,1040,8544,400,0,0,0.0,1949.0,5,1949,87500
344,1684,1684,8849,564,1656,1684,63.0,2005.0,7,2005,266000
345,536,1112,2592,336,175,536,36.0,1976.0,4,1976,85000
346,972,1577,6435,312,972,972,65.0,1939.0,10,1939,140200
347,958,958,12772,301,460,958,0.0,1960.0,4,1960,151500
348,1478,1478,17600,498,208,1478,0.0,1960.0,12,1960,157500
349,764,1626,2448,474,191,764,36.0,2003.0,10,2003,154000
350,1848,2728,20431,706,438,1848,56.0,2006.0,4,2005,437154
351,1869,1869,7820,617,1869,1869,68.0,2007.0,12,2007,318061
352,1453,1453,5271,445,371,1453,0.0,1986.0,12,1986,190000
353,616,1111,9084,200,0,616,60.0,1941.0,3,1941,95000
354,720,720,8520,484,624,624,60.0,2005.0,5,1928,105900
355,1192,1595,8400,240,552,940,60.0,1940.0,6,1940,140000
356,1200,1200,11249,521,322,1200,105.0,1995.0,8,1995,177500
357,1167,1167,9248,400,598,1158,0.0,1992.0,7,1992,173000
358,1142,1142,4224,528,268,1142,44.0,1976.0,8,1976,134000
359,1352,1352,6930,288,468,1062,92.0,1958.0,7,1958,130000
360,1086,1924,12011,592,130,1086,78.0,1998.0,6,1998,280000
361,912,912,7540,470,115,888,0.0,1978.0,6,1978,156000
362,988,1505,9144,240,484,883,0.0,1940.0,7,1940,145000
363,495,1922,7301,672,0,0,64.0,2003.0,7,2003,198500
364,483,987,1680,264,321,483,21.0,1972.0,5,1972,118000
365,790,1574,18800,566,84,796,0.0,1976.0,7,1976,190000
366,672,1344,10690,468,216,672,59.0,1964.0,7,1920,147000
367,1394,1394,9500,514,785,1394,0.0,1963.0,7,1963,159000
368,1431,1431,9150,296,728,1099,101.0,1962.0,12,1962,165000
369,1268,1268,7800,244,728,1268,78.0,1954.0,3,1954,132000
370,1287,1287,9830,576,733,1063,0.0,1997.0,3,1959,162000
371,953,1664,8121,460,953,953,0.0,2000.0,1,2000,172400
372,1120,1588,17120,680,0,0,80.0,1991.0,7,1959,134432
373,752,752,7175,264,0,744,50.0,1984.0,2,1984,125000
374,1319,1319,10634,270,0,608,79.0,1953.0,11,1953,123000
375,847,1928,8200,434,847,847,65.0,2003.0,7,2003,219500
376,904,904,10020,0,333,683,0.0,1979.0,3,1922,61000
377,914,914,8846,576,572,870,57.0,1998.0,7,1996,148000
378,1580,2466,11143,610,1580,1580,102.0,2004.0,12,2004,340000
379,1856,1856,11394,834,411,1856,88.0,2010.0,6,2010,394432
380,1007,1800,8123,463,982,982,60.0,2000.0,6,2000,179000
381,1026,1691,5000,308,808,1026,50.0,1924.0,5,1924,127000
382,1301,1301,7200,572,1293,1293,60.0,2006.0,8,2006,187750
383,939,1797,9245,639,939,939,79.0,2006.0,4,2006,213500
384,784,784,9000,360,784,784,60.0,1950.0,10,1928,76000
385,1079,1953,53107,501,595,1580,0.0,1992.0,6,1992,240000
386,1269,1269,3182,430,1232,1256,43.0,2004.0,4,2004,192000
387,658,1184,8410,0,658,658,58.0,1979.0,5,1910,81000
388,1125,1125,7200,352,410,1041,72.0,1977.0,10,1976,125000
389,1479,1479,9382,577,1468,1468,93.0,1999.0,7,1999,191000
390,1742,2332,12474,846,402,1682,96.0,2008.0,8,2007,426000
391,961,1367,8405,384,229,861,50.0,1978.0,4,1900,119000
392,804,1961,12209,560,114,804,71.0,2001.0,6,2001,215000
393,882,882,8339,294,0,0,0.0,1959.0,7,1959,106500
394,788,788,7446,0,522,788,0.0,1979.0,4,1941,100000
395,735,1034,10134,240,735,735,60.0,1940.0,7,1940,109000
396,1144,1144,9571,596,405,1144,68.0,1956.0,6,1956,129000
397,894,894,7200,600,117,894,60.0,1985.0,9,1972,123000
398,876,1812,7590,264,324,864,69.0,1962.0,7,1962,169500
399,1077,1077,8967,338,961,961,60.0,1920.0,11,1920,67000
400,1112,1550,8125,438,280,1092,65.0,2007.0,10,2006,241000
401,1288,1288,14963,500,474,1260,38.0,1996.0,12,1996,245500
402,1310,1310,8767,400,1286,1310,65.0,2005.0,7,2005,164990
403,672,672,10200,240,672,672,60.0,1940.0,8,1940,108000
404,1165,2263,12090,420,1141,1141,93.0,1998.0,7,1998,258000
405,806,1572,10364,373,806,806,0.0,1995.0,5,1995,168000
406,1620,1620,9991,490,165,1281,0.0,1993.0,6,1976,150000
407,1166,1639,10480,240,1064,1064,51.0,1936.0,3,1936,115000
408,840,1680,15576,308,840,840,63.0,1960.0,3,1915,177000
409,1071,2172,14154,947,1063,1063,109.0,2006.0,8,2006,280000
410,1050,2078,10800,836,245,1034,85.0,2008.0,4,2007,339750
411,1276,1276,9571,350,1276,1276,68.0,1958.0,6,1958,60000
412,1056,1056,34650,572,0,1056,100.0,1955.0,1,1955,145000
413,1478,1478,4403,484,892,1470,0.0,2009.0,6,2009,222000
414,1028,1028,8960,360,1008,1008,56.0,1927.0,3,1927,115000
415,1080,2097,11228,678,499,1080,59.0,1993.0,12,1993,228000
416,1340,1340,8899,396,1316,1340,73.0,2007.0,8,2007,181134
417,672,1400,7844,440,463,672,74.0,1978.0,3,1978,149500
418,1370,2624,22420,864,242,1370,86.0,1918.0,11,1918,239000
419,756,1134,8160,240,444,756,60.0,1940.0,4,1940,126000
420,1056,1056,8450,304,281,1056,65.0,1968.0,7,1968,142000
421,1344,1344,7060,784,35,1344,78.0,1997.0,11,1997,206300
422,1602,1602,16635,529,356,1602,0.0,1977.0,6,1977,215000
423,988,988,21750,520,988,988,100.0,1954.0,2,1954,113000
424,1470,2630,9200,696,484,1470,80.0,1998.0,6,1998,315000
425,1196,1196,9000,297,580,1196,72.0,1956.0,5,1956,139000
426,707,1389,3378,240,651,651,60.0,1947.0,9,1946,135000
427,1644,1644,12800,569,0,1518,0.0,1989.0,8,1989,275000
428,907,907,8593,352,619,907,77.0,1964.0,7,1957,109008
429,1208,1208,6762,628,544,1208,64.0,2007.0,9,2007,195400
430,1412,1412,11457,576,387,1392,130.0,1988.0,3,1988,175000
431,483,987,1680,264,96,483,21.0,1971.0,7,1971,85400
432,1088,1198,5586,0,901,901,60.0,1979.0,9,1920,79900
433,765,1365,1920,440,294,765,24.0,1971.0,8,1971,122500
434,926,1604,10839,470,926,926,100.0,1997.0,7,1997,181000
435,630,630,1890,0,135,630,21.0,1979.0,6,1972,81000
436,827,1661,10667,550,70,799,43.0,1996.0,4,1996,212000
437,734,1118,4400,440,648,648,40.0,1990.0,10,1920,116000
438,904,904,6000,180,884,884,50.0,1926.0,1,1926,119000
439,694,694,4280,352,75,440,40.0,1990.0,3,1913,90350
440,684,1196,12354,528,684,684,67.0,2005.0,8,1920,110000
441,2402,2402,15431,672,788,3094,105.0,2008.0,4,2008,555000
442,1440,1440,12108,0,1307,1440,92.0,1979.0,9,1955,118000
443,1128,1573,6240,360,1078,1078,52.0,1930.0,6,1930,162900
444,1258,1258,3922,648,1258,1258,53.0,2007.0,6,2006,172500
445,933,1908,8750,493,273,915,70.0,1994.0,7,1994,210000
446,1689,1689,9855,480,1436,1436,73.0,1956.0,11,1956,127500
447,1888,1888,16492,578,557,1517,137.0,1966.0,6,1966,190000
448,956,1886,11214,431,930,930,0.0,1998.0,7,1998,199900
449,780,1376,8600,198,780,780,50.0,1937.0,6,1937,119500
450,679,1183,6000,308,318,649,50.0,1981.0,6,1948,120000
451,813,813,5684,270,813,813,70.0,1932.0,6,1930,110000
452,1533,1533,70761,576,878,1533,62.0,1975.0,12,1975,280000
453,888,1756,9303,422,130,872,0.0,1996.0,7,1996,204000
454,786,1590,9000,676,768,768,75.0,2008.0,6,2008,210000
455,1728,1728,9297,560,122,1728,63.0,1976.0,7,1976,188000
456,1242,1242,9600,528,326,1242,80.0,1973.0,9,1973,175500
457,624,1344,4571,513,624,624,34.0,1916.0,5,1916,98000
458,1663,1663,53227,529,248,1364,0.0,1954.0,3,1954,256000
459,833,1666,5100,228,588,588,0.0,1925.0,6,1925,161000
460,979,1203,7015,352,524,709,0.0,1950.0,7,1950,110000
461,832,1935,8004,552,288,832,75.0,2009.0,12,2009,263435
462,575,1135,7200,576,0,560,60.0,1971.0,4,1936,155000
463,864,864,8281,360,0,864,60.0,1965.0,12,1965,62383
464,849,1660,11988,240,389,715,74.0,1939.0,8,1934,188700
465,1040,1040,8430,0,424,1040,60.0,1979.0,8,1978,124000
466,1414,1414,3072,398,1375,1375,0.0,2004.0,5,2004,178740
467,1277,1277,10628,526,499,1277,85.0,1970.0,4,1970,167000
468,888,1644,9480,312,342,728,79.0,1942.0,6,1942,146500
469,1634,1634,11428,866,1626,1626,98.0,2006.0,5,2006,250000
470,832,1710,9291,506,406,832,76.0,1993.0,6,1993,187000
471,1502,1502,6820,528,0,1488,0.0,1985.0,6,1985,212000
472,1161,1969,11952,534,808,808,92.0,1977.0,11,1977,190000
473,1072,1072,3675,525,88,547,35.0,2005.0,6,2005,148000
474,1976,1976,14977,908,626,1976,110.0,2006.0,7,2006,440000
475,1652,1652,5330,499,298,1494,41.0,2000.0,8,2000,251000
476,970,970,8480,624,340,970,80.0,1996.0,7,1963,132500
477,1493,1493,13125,508,484,1478,75.0,1997.0,4,1997,208900
478,2069,2643,13693,694,2153,2153,105.0,2006.0,3,2006,380000
479,1718,1718,10637,826,417,1705,79.0,2007.0,9,2007,297000
480,1131,1131,5925,672,739,907,50.0,1995.0,3,1937,89471
481,1850,1850,16033,772,572,1833,98.0,2004.0,3,2004,326000
482,1792,1792,11846,874,225,1792,72.0,2003.0,8,2003,374000
483,916,1826,2500,164,611,910,50.0,1915.0,6,1915,155000
484,1216,1216,4500,402,319,1216,32.0,1998.0,5,1998,164000
485,999,999,7758,264,411,999,0.0,1963.0,3,1962,132500
486,1113,1113,9600,264,506,1113,80.0,1950.0,7,1950,147000
487,1073,1073,10289,515,237,1073,79.0,1965.0,6,1965,156000
488,1484,1484,12243,487,486,1484,70.0,1971.0,2,1971,175000
489,1766,2414,10800,520,290,954,60.0,1970.0,5,1900,160000
490,630,630,1526,286,115,630,21.0,1970.0,5,1970,86000
491,616,1304,2665,336,264,264,0.0,1976.0,6,1976,115000
492,958,1578,9490,240,238,806,79.0,1941.0,8,1941,133000
493,728,1456,15578,429,728,728,105.0,2006.0,5,2006,172785
494,1269,1269,7931,308,363,1269,70.0,1964.0,6,1960,155000
495,886,886,5784,273,190,190,50.0,1938.0,12,1938,91300
497,3228,3228,12692,546,1969,3200,0.0,1992.0,5,1992,430000
498,1133,1820,9120,240,697,1026,60.0,1925.0,6,1925,184000
499,899,899,7800,288,414,864,65.0,1967.0,6,1967,130000
500,912,912,7535,297,522,912,70.0,1958.0,6,1958,120000
501,672,1218,1890,264,316,672,21.0,1973.0,5,1973,113000
502,866,1768,9803,603,466,866,75.0,2005.0,2,2005,226700
503,1214,1214,9170,461,420,1214,70.0,1965.0,4,1965,140000
504,1801,1801,15602,484,254,1501,100.0,1959.0,3,1959,289000
505,855,1322,2308,440,103,855,24.0,1974.0,6,1974,147000
506,960,1960,7596,400,960,960,60.0,1952.0,7,1952,124500
507,1065,1911,9554,471,397,777,80.0,1993.0,9,1993,215000
508,1218,1218,7862,676,1191,1218,75.0,2009.0,9,2009,208300
509,689,1378,9600,360,548,689,60.0,1928.0,10,1928,161000
510,1041,1041,9600,270,50,1041,80.0,1959.0,7,1959,124500
511,1363,1363,14559,288,178,1008,75.0,1951.0,6,1951,164900
512,1368,1368,6792,474,1368,1368,40.0,2005.0,3,2005,202665
513,864,864,9100,624,169,864,70.0,1964.0,7,1958,129900
514,1080,1080,9187,484,748,1084,71.0,1983.0,6,1983,134000
515,789,789,10594,200,768,768,55.0,1926.0,6,1926,96500
516,2020,2020,12220,900,570,2006,94.0,2009.0,9,2009,402861
517,1378,2119,10448,583,689,689,0.0,1972.0,8,1972,158000
518,1277,2344,10208,889,1264,1264,79.0,1996.0,7,1996,265000
519,882,1796,9531,546,88,794,0.0,1998.0,5,1998,211000
520,1276,2080,10918,282,1276,1276,53.0,1926.0,6,1926,234000
521,694,1294,10800,0,0,0,60.0,1979.0,8,1900,106250
522,1244,1244,11988,336,467,1244,90.0,1957.0,5,1957,150000
523,1004,1664,5000,420,605,1004,50.0,1950.0,10,1947,159000
524,3138,4676,40094,884,878,3138,130.0,2007.0,10,2007,184750
525,1383,2398,11787,834,660,1379,95.0,1996.0,8,1996,315750
526,1266,1266,7500,453,1257,1257,62.0,2005.0,4,2005,176000
527,928,928,13300,252,551,928,70.0,1956.0,6,1956,132000
528,1476,2713,14948,858,122,1452,67.0,2008.0,11,2008,446261
529,605,605,9098,0,180,528,58.0,1979.0,7,1920,86000
530,2515,2515,32668,484,816,2035,0.0,1975.0,3,1957,200624
531,1509,1509,10200,600,678,1461,85.0,1988.0,8,1988,175000
532,751,1362,6155,502,611,611,60.0,1920.0,6,1920,128000
533,827,827,7200,392,0,0,60.0,1967.0,4,1955,107500
534,334,334,5000,0,0,0,50.0,1979.0,1,1946,39300
535,707,1414,9056,403,707,707,74.0,2004.0,10,2004,178000
536,820,1347,7000,0,148,1117,70.0,1979.0,1,1910,107500
537,880,1724,8924,527,880,880,57.0,1998.0,7,1998,188000
538,864,864,12735,576,264,864,0.0,1980.0,4,1972,111250
539,1159,1159,11553,336,378,1051,0.0,1968.0,7,1968,158000
540,1601,1601,11423,670,223,1581,0.0,2001.0,5,2001,272000
541,1838,1838,14601,765,578,1838,85.0,2006.0,3,2006,315000
542,997,2285,11000,648,969,969,0.0,2000.0,6,2000,248000
543,1680,1680,10140,583,379,1650,78.0,1998.0,6,1998,213250
544,767,767,4058,367,0,723,34.0,1998.0,6,1998,133000
545,664,1496,17104,426,100,654,58.0,2006.0,9,2006,179665
546,1377,2183,13837,786,0,1204,0.0,1988.0,2,1988,229000
547,915,1635,8737,440,765,1065,70.0,1950.0,5,1923,210000
548,768,768,7244,624,149,768,54.0,1987.0,4,1970,129500
549,825,825,8235,720,0,825,49.0,1963.0,6,1955,125000
550,912,2094,9375,615,912,912,75.0,2003.0,11,2003,263000
551,1069,1069,4043,440,510,1069,53.0,1977.0,10,1977,140000
552,928,928,6000,288,620,928,50.0,1957.0,6,1957,112500
553,1717,1717,11146,908,1709,1709,87.0,2006.0,7,2006,255500
554,1126,1126,8777,520,0,0,67.0,2002.0,5,1949,108000
555,1006,2046,10625,871,132,998,85.0,2003.0,8,2003,284000
556,1048,1048,6380,280,993,993,58.0,1922.0,8,1922,113000
557,1092,1092,14850,299,197,1092,69.0,1957.0,5,1957,141000
559,729,1446,21872,406,125,729,57.0,1996.0,8,1996,175000
560,1557,1557,3196,420,1374,1374,0.0,2003.0,10,2003,234000
561,1392,1392,11341,528,90,1392,0.0,1957.0,5,1957,121500
562,1389,1389,10010,418,195,1389,77.0,1975.0,4,1974,170000
563,996,996,13907,0,706,996,63.0,1979.0,7,1940,108000
564,1163,1674,21780,396,1163,1163,66.0,1955.0,7,1918,185000
565,1166,2295,13346,590,367,1095,0.0,1992.0,7,1992,268000
566,841,1647,6858,216,806,806,66.0,1920.0,5,1915,128000
567,1134,2504,11198,656,1122,1122,77.0,2005.0,6,2005,325000
568,1535,1535,10171,532,1515,1517,70.0,2004.0,3,2004,214000
569,1496,2132,12327,612,55,1496,79.0,1983.0,9,1983,316600
570,943,943,7032,600,0,943,0.0,1979.0,12,1979,135960
571,1728,1728,13101,576,1497,1728,74.0,1987.0,11,1965,142600
572,864,864,7332,288,450,864,60.0,1959.0,10,1959,120000
573,846,1692,13159,650,846,846,83.0,2009.0,7,2009,224500
574,774,1430,9967,400,384,384,76.0,2000.0,12,2000,170000
575,576,1109,10500,288,23,372,70.0,1971.0,12,1971,139000
576,832,1216,8480,336,390,832,80.0,1947.0,10,1947,118500
577,877,1477,6292,216,861,861,52.0,1928.0,8,1928,145000
578,1320,1320,11777,564,285,1164,96.0,1966.0,5,1966,164500
579,703,1392,3604,540,689,689,34.0,2007.0,2,2007,146000
580,1050,1795,12150,352,1050,1050,81.0,1954.0,11,1954,131500
581,1429,1429,14585,572,331,1144,0.0,1960.0,6,1960,181900
582,2042,2042,12704,1390,2042,2042,98.0,2009.0,8,2008,253293
583,816,816,11841,0,0,816,81.0,1979.0,5,1990,118500
584,1521,2775,13500,880,1237,1237,75.0,1988.0,7,1893,325000
585,989,1573,6120,240,884,884,51.0,1935.0,7,1935,133000
586,2028,2028,11443,880,408,1868,88.0,2005.0,3,2005,369900
587,838,838,10267,275,0,816,55.0,1961.0,5,1918,130000
588,860,860,8740,528,168,840,74.0,1996.0,7,1982,137000
589,1473,1473,25095,452,113,1437,65.0,1968.0,6,1968,143000
590,779,935,9100,308,742,742,50.0,1988.0,8,1930,79500
591,770,1582,8320,520,280,770,64.0,2004.0,9,2004,185900
592,1728,2296,13478,842,384,1722,97.0,2008.0,6,2008,451950
593,816,816,6600,816,0,816,60.0,1985.0,6,1982,138000
594,848,848,4435,420,163,848,0.0,2003.0,5,2003,140000
595,924,924,7990,280,924,924,88.0,1981.0,4,1975,110000
596,1826,1826,11302,758,392,1814,69.0,2005.0,8,2005,319000
597,684,1368,3600,216,684,684,60.0,1930.0,10,1910,114504
598,1402,1402,3922,648,1258,1258,53.0,2006.0,2,2006,194201
599,1647,1647,12984,621,0,1430,80.0,1977.0,3,1977,217500
600,716,1556,1950,452,23,716,24.0,1980.0,7,1980,151000
601,1058,1904,10927,736,512,1058,74.0,2003.0,6,2005,275000
602,780,1375,9000,544,780,780,50.0,1979.0,12,1937,141000
603,927,1915,10041,506,119,908,80.0,1992.0,2,1992,220000
604,600,1200,3182,480,600,600,30.0,2004.0,6,2004,151000
605,1494,1494,12803,530,572,1494,88.0,2002.0,9,2002,221000
606,1186,1986,13600,486,314,768,85.0,1965.0,10,1965,205000
607,1040,1040,12464,576,308,1040,82.0,2000.0,11,1996,152000
608,1112,2008,7800,230,293,896,78.0,1948.0,8,1948,225000
609,1940,3194,12168,380,537,965,78.0,1934.0,9,1934,359100
610,1029,1029,7943,261,126,1029,61.0,1961.0,4,1961,118500
611,1476,2153,11050,736,536,1440,0.0,2000.0,5,2000,313000
612,1032,1032,10395,564,427,1032,0.0,1978.0,7,1978,148000
613,1299,1872,11885,531,309,1299,0.0,2001.0,11,2001,261500
614,1120,1120,8402,0,914,1120,70.0,1979.0,12,2007,147000
615,630,630,1491,0,0,630,21.0,1979.0,5,1972,75500
616,1054,1054,8800,480,173,936,80.0,1963.0,5,1963,137500
617,807,1509,7861,393,326,783,0.0,2002.0,6,2002,183200
618,832,832,7227,528,832,832,59.0,1962.0,6,1954,105500
619,1828,1828,11694,774,1774,1822,90.0,2007.0,7,2007,314813
620,1482,2262,12244,749,611,1482,85.0,2003.0,8,2003,305000
621,864,864,8248,0,823,864,45.0,1979.0,9,1914,67000
622,1548,2614,10800,624,384,1522,90.0,1974.0,6,1974,240000
623,980,980,7064,484,420,980,71.0,1986.0,7,1977,135000
624,756,1512,2117,440,336,756,0.0,2000.0,6,2000,168500
625,1012,1790,10400,484,485,732,80.0,1972.0,11,1972,165150
626,1116,1116,10000,440,1116,1116,87.0,1962.0,2,1962,160000
627,1422,1422,12342,286,978,978,0.0,1960.0,8,1960,139900
628,1520,1520,9600,364,350,1156,80.0,1955.0,3,1955,153000
629,1040,2080,11606,504,390,1040,70.0,1969.0,9,1969,135000
630,1350,1350,9020,520,288,1248,82.0,1964.0,6,1964,168500
631,1089,1750,9000,240,636,636,50.0,1937.0,6,1880,124000
632,1554,1554,4590,627,1530,1554,34.0,2006.0,8,2006,209500
633,1411,1411,11900,544,564,1386,85.0,1977.0,4,1977,82500
634,1056,1056,9250,260,108,1056,80.0,1954.0,7,1954,139400
635,1056,1056,6979,576,0,1056,64.0,1980.0,6,1980,144000
636,1440,3395,10896,0,1184,1440,60.0,1979.0,3,1914,200000
637,800,800,6120,0,264,264,51.0,1979.0,1,1936,60000
638,811,1387,6000,256,811,811,50.0,1954.0,11,1954,93000
639,796,796,8777,0,796,796,67.0,1979.0,5,1910,85000
640,1567,1567,3982,648,366,1520,53.0,2006.0,10,2006,264561
641,1518,1518,12677,588,300,1518,62.0,2003.0,4,2003,274000
642,1057,1929,7050,650,319,1057,0.0,2001.0,5,2001,226000
643,2000,2704,13860,538,542,1952,75.0,1972.0,7,1972,345000
644,780,1620,10793,462,0,780,80.0,1969.0,4,1969,152000
645,1766,1766,9187,478,645,1766,85.0,2009.0,10,2009,370878
646,981,981,10530,576,664,981,0.0,1979.0,3,1971,143250
647,1048,1048,7200,420,0,0,60.0,1950.0,7,1950,98300
648,1094,1094,10452,495,594,1094,85.0,1953.0,6,1953,155000
649,1051,1839,7700,442,756,756,70.0,1966.0,6,1966,155000
650,630,630,1936,0,0,630,21.0,1979.0,12,1970,84500
651,822,1665,8125,562,813,813,65.0,2007.0,5,2007,205950
652,755,1510,9084,296,755,755,60.0,1940.0,10,1940,108000
653,909,1716,8750,512,880,880,70.0,1996.0,7,1996,191000
654,756,1469,10320,216,756,756,60.0,1906.0,6,1906,135000
655,2113,2113,10437,839,413,2109,91.0,1995.0,8,1995,350000
656,525,1092,1680,264,525,525,21.0,1971.0,3,1971,88000
657,1053,1053,10007,312,247,1053,72.0,1959.0,8,1959,145500
658,851,1502,7200,270,776,776,60.0,1931.0,2,1931,149000
659,912,1458,17503,330,912,912,78.0,1948.0,1,1948,97500
660,1486,1486,9937,480,849,1486,75.0,1968.0,3,1964,167000
661,1142,1935,12384,550,793,793,0.0,1976.0,11,1976,197900
662,1686,2448,46589,711,88,1629,52.0,1994.0,7,1994,402000
663,1392,1392,13560,576,1392,1392,120.0,1968.0,7,1968,110000
664,1181,1181,10012,588,38,1138,90.0,1974.0,4,1972,137500
665,2097,2097,20896,1134,356,2077,49.0,2005.0,1,2005,423000
666,1454,1936,11194,504,1406,1406,106.0,2000.0,11,2000,230500
667,1465,2380,18450,596,111,1021,0.0,1965.0,8,1965,129000
668,1679,1679,8125,575,270,1408,65.0,1994.0,10,1994,193500
669,1437,1437,14175,576,200,1188,0.0,1999.0,11,1956,168000
670,1180,1180,11600,252,700,700,80.0,1922.0,7,1922,137500
671,738,1476,8633,540,545,738,64.0,2005.0,2,2005,173500
672,697,1369,6629,300,121,672,54.0,1930.0,7,1925,103600
673,1208,1208,11250,546,441,1208,0.0,1977.0,6,1977,165000
674,1839,1839,14442,416,291,1477,110.0,1957.0,6,1957,257500
675,1136,1136,9200,384,244,1136,80.0,1965.0,7,1965,140000
676,855,1441,2289,440,544,855,24.0,1978.0,4,1978,148500
677,1095,1774,9600,779,1095,1095,60.0,1920.0,5,1900,87000
678,792,792,9022,240,768,768,52.0,1924.0,5,1924,109500
679,2046,2046,11844,834,2046,2046,80.0,2008.0,7,2008,372500
680,988,988,9945,572,161,988,0.0,1963.0,10,1961,128500
681,923,923,8012,264,261,923,50.0,1980.0,5,1980,143000
682,848,1520,4500,281,611,793,55.0,1968.0,7,1932,159434
683,1291,1291,2887,431,288,1291,0.0,1996.0,11,1996,173000
684,1668,1668,11248,702,567,1626,90.0,2002.0,7,2002,285000
685,1195,1839,16770,486,1195,1195,58.0,1998.0,6,1998,221000
686,1190,2090,5062,577,180,1190,0.0,1984.0,9,1984,207500
687,874,1761,10207,578,874,874,84.0,2007.0,8,2007,227875
688,551,1102,5105,480,312,551,0.0,2004.0,3,2004,148800
689,1419,1419,8089,567,474,1419,60.0,2007.0,10,2007,392000
690,1362,1362,7577,460,1342,1362,61.0,2005.0,6,2005,194700
691,848,848,4426,420,151,848,0.0,2004.0,5,2004,141000
692,2444,4316,21535,832,989,2444,104.0,1994.0,1,1994,755000
693,1238,2519,26178,628,245,1210,42.0,1989.0,4,1989,335000
694,1073,1073,5400,326,1073,1073,60.0,1968.0,12,1921,108480
695,1067,1539,6120,576,927,927,51.0,1995.0,4,1936,141500
696,1137,1137,13811,551,92,1112,54.0,1987.0,7,1987,176000
697,616,616,6000,205,0,616,50.0,1921.0,6,1921,89000
698,1148,1148,6420,308,219,980,57.0,1952.0,9,1952,123500
699,894,894,8450,336,224,894,65.0,1973.0,4,1965,138500
700,1391,1391,4282,530,1375,1391,59.0,2004.0,7,2004,196000
701,1800,1800,14331,765,526,1800,85.0,2002.0,5,2002,312500
702,1164,1164,9600,528,1164,1164,80.0,1969.0,7,1969,140000
703,1264,2576,12438,666,1234,1234,82.0,2006.0,7,2006,361919
704,1032,1812,7630,672,360,360,76.0,1999.0,5,1900,140000
705,1484,1484,8400,606,761,1473,70.0,2004.0,5,2004,213000
706,372,1092,5600,0,0,0,70.0,1979.0,7,1930,55000
707,1824,1824,115149,739,424,1643,0.0,1971.0,6,1971,302000
708,1324,1324,6240,550,461,1324,48.0,2006.0,12,2006,254000
709,728,1456,9018,400,728,728,65.0,2007.0,7,2007,179540
710,904,904,7162,408,876,876,0.0,1966.0,12,1966,109900
711,729,729,4130,0,270,270,56.0,1979.0,7,1935,52000
713,1228,1228,4671,472,461,1228,40.0,1988.0,10,1988,189000
714,960,960,9873,576,171,960,60.0,1970.0,5,1970,129000
715,725,1479,13517,475,192,725,0.0,1976.0,3,1976,130500
716,1350,1350,10140,478,1064,1064,78.0,1974.0,8,1974,165000
717,1576,2554,10800,704,718,718,60.0,1996.0,7,1890,159500
718,1178,1178,10000,439,92,1176,80.0,1973.0,11,1973,157000
719,1325,2418,10542,983,138,1311,96.0,1993.0,8,1993,341000
720,971,971,9920,300,448,971,69.0,1969.0,5,1969,128500
721,1742,1742,6563,564,594,1742,0.0,1985.0,12,1985,275000
722,848,848,4426,420,186,848,0.0,2004.0,5,2004,143000
723,864,864,8120,463,673,864,70.0,1994.0,7,1970,124500
724,997,1470,8172,548,941,941,60.0,1958.0,5,1954,135000
725,1698,1698,13286,768,464,1698,86.0,2007.0,2,2007,320000
726,864,864,6960,660,250,864,60.0,1989.0,11,1970,120500
727,1680,1680,21695,540,72,880,0.0,1988.0,12,1988,222000
728,1232,1232,7314,632,508,1232,64.0,2007.0,2,2007,194500
729,1776,1776,11475,888,1584,1584,85.0,1968.0,7,1958,110000
730,848,1208,6240,539,628,780,52.0,1962.0,1,1925,103000
731,1616,1616,5389,608,415,1595,39.0,1995.0,3,1995,236500
732,1146,1146,9590,438,82,868,73.0,2003.0,5,2003,187500
733,1153,2031,11404,541,901,1153,75.0,1998.0,7,1998,222500
734,1144,1144,10000,264,270,864,80.0,1961.0,3,1961,131400
735,948,948,8978,300,948,948,0.0,1968.0,5,1968,108000
736,880,1768,10800,320,490,880,60.0,1914.0,10,1914,163000
737,1040,1040,8544,400,0,0,60.0,1949.0,7,1950,93500
738,901,1801,10463,800,893,893,72.0,2005.0,6,2005,239900
739,1200,1200,10800,0,0,1200,60.0,1979.0,3,1987,179000
740,864,1728,9313,572,864,864,65.0,2004.0,4,2004,190000
741,768,1432,9600,360,264,264,60.0,1910.0,5,1910,132000
742,912,912,6768,288,80,912,65.0,1962.0,5,1961,142000
743,1349,1349,8450,539,1349,1349,65.0,2000.0,12,2000,179000
744,1464,1464,12886,480,76,520,70.0,1997.0,10,1963,175000
745,1337,1337,5395,462,604,1337,41.0,1993.0,10,1993,180000
746,1175,2715,8963,831,487,1142,0.0,1994.0,7,1976,299800
747,980,2256,8795,554,652,952,0.0,2000.0,4,2000,236000
748,1320,2640,11700,864,1240,1240,65.0,1950.0,5,1880,265979
749,1720,1720,10593,527,801,1720,59.0,1996.0,3,1996,260400
750,1088,1529,8405,240,0,0,50.0,1945.0,4,1945,98000
751,792,1140,8800,0,576,576,55.0,1979.0,6,1910,96500
752,660,1320,7750,400,660,660,0.0,2003.0,8,2003,162000
753,1494,1494,9236,576,279,1479,79.0,1997.0,7,1997,217000
754,1038,2098,10240,878,1030,1030,80.0,2005.0,3,2005,275500
755,1026,1026,7930,440,115,1026,61.0,1969.0,7,1969,156000
756,742,1471,3230,440,348,729,34.0,1999.0,3,1999,172500
757,866,1768,10769,578,846,866,68.0,2007.0,4,2007,212000
758,672,1386,11616,440,234,672,0.0,1978.0,4,1978,158900
759,757,1501,2280,440,195,744,24.0,1999.0,8,1999,179400
760,1328,2531,12257,752,1198,1318,65.0,1995.0,11,1995,290000
761,864,864,9100,300,252,864,70.0,2008.0,10,1959,127500
762,1301,1301,6911,440,740,1145,60.0,1965.0,10,1924,100000
763,764,1547,8640,614,732,756,72.0,2009.0,6,2009,215200
764,1268,2365,9430,856,89,1252,82.0,1999.0,7,1999,337000
765,1494,1494,9549,481,0,1494,30.0,1995.0,4,1995,270000
766,1506,1506,14587,592,1498,1498,75.0,2008.0,8,2008,264132
767,980,1714,10421,496,586,980,80.0,1988.0,3,1988,196500
768,983,1750,12508,423,323,983,75.0,1989.0,7,1940,160000
769,1836,1836,9100,484,1836,1860,70.0,2004.0,10,2004,216837
770,1690,3279,53504,841,234,1650,47.0,2003.0,6,2003,538000
771,858,858,7252,576,173,858,0.0,1983.0,4,1982,134900
772,1220,1220,8877,396,0,836,67.0,1951.0,4,1951,102000
773,1117,1117,7819,672,480,1029,94.0,1976.0,3,1976,107000
774,912,912,10150,275,456,912,70.0,1958.0,7,1958,114500
775,1973,1973,14226,895,1935,1935,110.0,2006.0,7,2006,395000
776,1204,1204,4500,412,338,1204,32.0,1998.0,6,1998,162000
777,1614,1614,11210,865,1594,1614,86.0,2005.0,7,2005,221500
778,894,894,13350,440,102,864,100.0,1974.0,6,1974,142500
779,2020,2020,8400,630,0,0,60.0,1977.0,10,1977,144000
780,1004,1004,10530,504,0,975,78.0,1977.0,5,1977,135000
781,1253,1253,7875,402,1237,1237,63.0,1995.0,6,1995,176000
782,810,1603,7153,484,374,761,65.0,1992.0,7,1992,175900
783,1430,1430,16285,605,1413,1413,67.0,2001.0,6,2001,187100
784,1110,1110,9101,602,0,1097,0.0,1978.0,7,1978,165500
785,742,1484,6300,0,742,742,35.0,1979.0,6,1914,128000
786,1342,1342,9790,457,491,1372,0.0,1967.0,9,1967,161500
787,966,1652,10800,416,0,686,60.0,1961.0,6,1915,139000
788,956,2084,10142,618,300,956,76.0,2004.0,1,2004,233000
789,901,901,6000,281,901,901,50.0,1954.0,8,1954,107900
790,976,2087,12205,444,264,832,0.0,1966.0,7,1966,187500
791,1145,1145,3182,397,1129,1145,43.0,2005.0,9,2005,160200
792,1062,1062,11333,539,490,1029,0.0,1976.0,5,1976,146800
793,1127,2013,9920,455,255,1117,92.0,1997.0,6,1996,269790
794,1496,1496,9158,474,1496,1496,76.0,2007.0,6,2007,225000
795,1086,1895,10832,409,712,712,0.0,1994.0,10,1994,194500
796,888,1564,8400,476,650,650,70.0,1980.0,4,1980,171000
797,1285,1285,8197,528,660,660,71.0,1977.0,4,1977,143500
798,773,773,7677,240,203,773,57.0,1953.0,4,1953,110000
799,1966,3140,13518,820,1926,1926,104.0,2009.0,7,2008,485000
800,981,1768,7200,240,162,731,60.0,1939.0,6,1937,175000
801,616,1688,12798,603,154,616,79.0,1997.0,5,1997,200000
802,1196,1196,4800,440,999,1196,40.0,1957.0,7,1916,109900
803,728,1456,8199,410,80,728,63.0,2005.0,10,2005,189000
804,1734,2822,13891,1020,1734,1734,107.0,2009.0,1,2008,582933
805,1128,1128,9000,286,124,936,75.0,1954.0,6,1954,118000
806,1428,1428,12274,554,1417,1417,91.0,2008.0,7,2008,227680
807,980,980,9750,384,100,980,75.0,1967.0,10,1967,135500
808,1072,1576,21384,528,15,1324,144.0,1923.0,5,1923,223500
809,1086,1086,13400,484,380,1024,85.0,1966.0,6,1966,159950
810,1075,2138,8100,360,849,849,90.0,1910.0,11,1898,106000
811,1309,1309,10140,484,0,1040,78.0,1974.0,1,1974,181000
812,848,848,4438,420,186,848,0.0,2004.0,6,2004,144500
814,1442,1442,9750,301,834,1442,75.0,1958.0,4,1958,157900
815,686,1250,8248,280,686,686,45.0,1955.0,7,1918,116000
816,1661,1661,12137,598,1649,1649,48.0,1998.0,5,1998,224900
817,1008,1008,11425,275,522,1008,0.0,1954.0,7,1954,137000
818,1689,1689,13265,857,350,1568,0.0,2002.0,7,2002,271000
819,1052,1052,8816,440,506,1010,80.0,1971.0,6,1971,155000
820,1358,1358,6371,484,625,1358,44.0,2010.0,6,2009,224000
821,798,1640,7226,595,798,798,72.0,2003.0,6,2003,183000
822,936,936,6000,576,936,936,60.0,1974.0,2,1953,93000
823,847,1733,12394,433,847,847,0.0,2003.0,10,2003,225000
824,944,1489,9900,240,778,778,60.0,1940.0,7,1940,139500
825,1489,1489,11216,776,1489,1489,81.0,2006.0,6,2006,232600
826,2084,2084,14803,1220,442,2078,114.0,2007.0,6,2007,385000
827,784,784,6130,0,0,784,50.0,1979.0,5,1924,109500
828,1434,1434,8529,527,1434,1454,65.0,2001.0,4,2001,189000
829,1160,2126,28698,538,0,1013,0.0,1967.0,6,1967,185000
830,520,1223,2544,480,600,600,24.0,2005.0,7,2005,147400
831,1392,1392,11900,458,352,1392,80.0,1957.0,6,1957,166000
832,520,1200,3180,480,600,600,30.0,2005.0,6,2005,151000
833,941,1829,9548,613,458,941,44.0,2003.0,1,2003,237000
834,1516,1516,10004,472,975,1516,100.0,1964.0,2,1964,167000
835,1144,1144,7875,456,572,1144,75.0,1961.0,9,1961,139950
836,1067,1067,9600,436,625,1067,60.0,1996.0,2,1950,128000
837,1559,1559,8100,812,1221,1559,90.0,1948.0,6,1948,153500
838,483,987,1680,264,153,483,21.0,1973.0,11,1973,100000
839,1099,1099,9525,352,1099,1099,75.0,1999.0,6,1995,144000
840,768,1200,11767,240,416,768,70.0,1946.0,5,1946,130500
841,810,1482,12155,400,516,672,0.0,1934.0,3,1925,140000
842,958,1539,10440,686,650,650,60.0,1983.0,6,1904,157500
843,1165,1165,9020,490,276,1127,82.0,1966.0,5,1966,174900
844,1800,1800,8000,0,1800,1800,80.0,1979.0,7,1961,141000
845,876,1416,12665,720,876,876,100.0,1949.0,6,1915,153900
846,1701,1701,16647,611,0,1390,0.0,1975.0,1,1975,171000
847,1006,1775,9317,425,227,740,75.0,1993.0,7,1993,213000
848,864,864,15523,338,404,864,36.0,1972.0,8,1972,133500
849,1307,2358,45600,360,907,907,75.0,1908.0,9,1908,240000
850,1094,1855,9600,512,528,528,80.0,1976.0,8,1976,187000
851,848,848,4435,420,189,848,36.0,2003.0,11,2003,131500
852,1456,1456,3196,400,1273,1273,0.0,2003.0,5,2003,215000
853,918,1646,7128,240,554,918,53.0,1941.0,8,1941,164000
854,1445,1445,12095,645,563,1127,0.0,1964.0,8,1964,158000
855,1779,1779,17920,454,372,1763,102.0,1955.0,7,1955,170000
856,1040,1040,6897,260,381,1040,0.0,1962.0,4,1962,127000
857,1026,1026,10970,576,0,940,0.0,1981.0,10,1978,147000
858,702,1481,8125,343,702,702,65.0,1994.0,3,1994,174000
859,1370,1370,10400,479,1090,1090,80.0,1976.0,6,1976,152000
860,1512,2654,11029,619,435,1054,0.0,1968.0,8,1968,250000
861,912,1426,7642,216,912,912,55.0,1925.0,6,1918,189950
862,1039,1039,11625,504,198,1039,75.0,1965.0,4,1965,131500
863,1097,1097,9672,480,702,1040,81.0,1986.0,5,1984,152000
864,1148,1148,7931,672,0,1148,70.0,1959.0,7,1959,132500
865,1372,1372,8640,529,1372,1372,72.0,2008.0,5,2007,250580
866,1002,1002,8750,902,174,1002,0.0,1973.0,8,1970,148500
867,1646,1646,10656,870,1638,1638,67.0,2007.0,11,2006,248900
868,1120,1120,6970,544,108,1040,85.0,1961.0,5,1961,129000
869,1547,2320,14762,672,0,0,0.0,1979.0,5,1948,169000
870,1062,1949,9938,574,300,1050,80.0,1993.0,6,1993,236000
871,894,894,6600,308,894,894,60.0,1962.0,8,1962,109500
872,804,1682,8750,523,299,804,70.0,1998.0,6,1998,200500
873,910,910,8892,414,105,105,74.0,1953.0,10,1953,116000
874,1036,1268,12144,288,457,832,60.0,1949.0,9,1949,133000
875,676,1131,5720,200,676,676,52.0,1941.0,8,1941,66500
876,1184,2610,9000,550,1120,1184,75.0,2007.0,8,2007,303477
877,1040,1040,25286,648,431,1064,94.0,1963.0,1,1963,132250
878,1462,2224,8834,738,292,1462,74.0,2004.0,6,2004,350000
879,1155,1155,11782,576,210,1109,88.0,1987.0,6,1961,148000
880,864,864,7000,336,218,864,0.0,1978.0,7,1978,136500
881,1090,1090,7024,450,110,1090,60.0,2005.0,6,2005,157000
882,1187,1717,13758,400,254,1156,44.0,1990.0,4,1990,187500
883,808,1593,9636,389,808,808,0.0,1993.0,12,1992,178000
884,954,2230,6204,440,795,795,60.0,1997.0,3,1912,118500
885,892,892,7150,288,460,892,65.0,1967.0,7,1967,100000
886,1709,1709,5119,506,460,1698,50.0,1999.0,1,1999,328900
887,1712,1712,8393,588,1098,1626,70.0,2005.0,6,1959,145000
888,872,1393,16466,300,816,816,59.0,1955.0,4,1955,135500
889,2217,2217,15865,621,1043,2217,95.0,1970.0,10,1970,268000
890,1505,1505,12160,505,481,1505,128.0,1953.0,2,1953,149500
891,672,924,8064,576,672,672,60.0,2003.0,7,1949,122900
892,918,1683,11184,440,192,918,70.0,1978.0,7,1978,172500
893,1068,1068,8414,264,396,1059,70.0,1963.0,2,1963,154500
894,1383,1383,13284,354,319,1383,0.0,1954.0,6,1954,165000
895,1535,1535,7018,400,0,0,64.0,1979.0,6,1979,118858
896,983,1796,7056,483,380,780,71.0,1963.0,10,1963,140000
897,951,951,8765,327,666,951,50.0,1936.0,4,1936,106500
898,1120,2240,7018,528,0,0,64.0,1979.0,6,1979,142953
899,2364,2364,12919,820,142,2330,100.0,2009.0,3,2009,611657
900,1236,1236,6993,288,447,912,65.0,1961.0,6,1961,135000
901,858,858,7340,684,536,858,0.0,1979.0,6,1971,110000
902,1306,1306,8712,756,132,992,64.0,1968.0,5,1957,153000
903,807,1509,7875,393,783,783,63.0,2003.0,7,2003,180000
904,1670,1670,14859,690,1670,1670,50.0,2006.0,8,2006,240000
905,902,902,6173,288,277,876,0.0,1967.0,8,1967,125500
906,1063,1063,9920,280,412,1056,80.0,1954.0,2,1954,128000
907,1636,1636,13501,865,1560,1623,116.0,2006.0,6,2006,255000
908,1020,2057,11500,180,794,1017,86.0,1936.0,6,1936,250000
909,902,902,8885,484,239,864,0.0,1983.0,6,1983,131000
910,742,1484,12589,390,742,742,149.0,2005.0,6,2005,174000
911,1105,2274,11600,480,662,1105,80.0,1960.0,1,1960,154300
912,1268,1268,9286,252,1072,1268,0.0,1978.0,10,1977,143500
913,1015,1015,6120,450,279,768,51.0,1925.0,7,1925,88000
914,1001,2002,6270,871,717,1001,82.0,1949.0,8,1949,145000
915,612,1224,3000,528,318,612,30.0,2009.0,6,2009,173733
916,546,1092,2001,286,546,546,21.0,1970.0,1,1970,75000
918,1229,1229,17140,284,75,1134,0.0,1956.0,4,1956,135000
919,912,2127,13125,833,422,1104,103.0,1991.0,11,1991,238000
920,1414,1414,11029,601,245,1184,87.0,1990.0,5,1958,176500
921,936,1721,8462,471,114,928,70.0,1994.0,7,1994,201000
922,1272,2200,8777,0,188,1272,67.0,1979.0,9,1900,145900
923,1316,1316,10237,397,1288,1316,65.0,2005.0,10,2005,169990
924,1617,1617,8012,533,598,1604,50.0,1993.0,7,1993,193000
925,1686,1686,10240,612,0,1686,79.0,1980.0,5,1980,207500
926,1126,1126,15611,540,266,1126,0.0,1977.0,3,1977,175000
927,1234,2374,11999,656,1181,1181,93.0,2003.0,5,2003,285000
928,1098,1978,9900,486,280,832,0.0,1968.0,4,1968,176000
929,1788,1788,11838,522,1753,1753,0.0,2001.0,6,2001,236500
930,993,2236,13006,642,964,964,0.0,1997.0,11,1997,222000
931,1466,1466,8925,610,1450,1466,73.0,2007.0,7,2007,201000
932,925,925,9100,429,121,925,70.0,1965.0,7,1965,117500
933,1905,1905,11670,788,1905,1905,84.0,2006.0,3,2006,320000
934,1500,1500,8487,570,1480,1500,63.0,2004.0,8,2004,190000
935,2069,2069,27650,505,160,585,313.0,1960.0,11,1960,242000
936,747,747,5825,528,600,600,52.0,1953.0,6,1926,79900
937,1200,1200,10083,555,343,1176,67.0,2003.0,8,2003,184900
938,1113,1971,9675,689,772,1113,75.0,2005.0,2,2005,253000
939,1391,1962,8760,868,927,1391,73.0,2006.0,8,2006,239799
940,1207,2403,24090,349,1032,1032,0.0,1940.0,6,1940,244400
941,1728,1728,12640,574,396,1728,55.0,1976.0,7,1976,150900
942,1022,2060,8755,390,220,992,0.0,1999.0,6,1999,214000
943,1440,1440,7711,0,0,1440,42.0,1979.0,8,1977,150000
944,1632,1632,25000,576,1632,1632,100.0,1967.0,6,1967,143000
945,1344,1344,14375,525,354,819,0.0,1958.0,1,1958,137500
946,1188,1869,8820,456,0,1088,98.0,1963.0,9,1890,124900
947,1144,1144,8163,796,102,1144,70.0,1959.0,3,1959,143000
948,1629,1629,14536,808,316,1616,85.0,2002.0,11,2002,270000
949,936,1776,14006,474,936,936,65.0,2002.0,2,2002,192500
950,1381,1381,9360,676,179,1161,78.0,1972.0,3,1972,197500
951,864,864,7200,720,317,864,60.0,1980.0,7,1950,129000
952,965,965,7800,300,187,828,60.0,1979.0,7,1965,119900
953,768,768,7200,396,108,768,60.0,1974.0,4,1972,133900
954,1168,1968,11075,530,29,784,0.0,1969.0,9,1969,172000
955,980,980,9400,0,0,945,35.0,1979.0,10,1975,127500
956,979,1958,7136,492,495,979,82.0,1946.0,8,1946,145000
957,561,1229,1300,462,276,561,24.0,1980.0,5,1980,124000
958,1057,1057,7420,576,640,1057,70.0,1977.0,4,1962,132000
959,1337,1337,8450,531,638,1337,65.0,2003.0,10,2003,185000
960,696,1416,2572,484,92,696,24.0,1999.0,5,1999,155000
961,858,858,7207,0,162,858,50.0,1979.0,2,1958,116500
962,1542,2872,12227,619,434,1330,0.0,1977.0,7,1977,272000
963,804,1548,2308,440,248,804,24.0,1976.0,7,1976,155000
964,1800,1800,11923,702,1800,1800,122.0,2007.0,5,2007,239000
965,824,1894,11316,510,193,817,80.0,2002.0,2,2002,214900
966,783,1484,10237,393,783,783,65.0,2005.0,7,2005,178900
967,976,1308,9600,256,300,728,130.0,1940.0,6,1940,160000
968,1098,1098,7390,260,196,1098,0.0,1955.0,7,1955,135000
969,600,968,5925,0,600,600,50.0,1979.0,5,1910,37900
970,1095,1095,10382,264,75,588,75.0,1958.0,3,1958,140000
971,720,1192,10800,0,720,720,60.0,1979.0,12,1949,135000
972,764,1626,2268,474,197,764,36.0,2003.0,7,2003,173000
973,918,918,7892,264,918,918,55.0,1979.0,4,1979,99500
974,1428,1428,11639,480,1428,1428,95.0,2007.0,12,2007,182000
975,1136,2019,11414,532,728,728,60.0,1997.0,10,1910,167500
976,673,1382,2651,490,32,673,0.0,2000.0,4,2000,165000
977,869,869,5900,0,440,440,51.0,1979.0,8,1923,85500
978,1241,1241,4274,569,135,1241,35.0,2007.0,11,2006,199900
979,894,894,9450,400,342,894,68.0,1999.0,5,1954,110000
980,1121,1121,8816,480,470,1121,80.0,1963.0,6,1963,139000
981,999,999,12122,588,77,944,0.0,1961.0,7,1961,178400
982,1276,2612,12203,676,371,1225,98.0,1998.0,7,1998,336000
983,1266,1266,3182,388,1266,1266,43.0,2007.0,3,2007,159895
984,1149,2290,11250,779,1128,1128,0.0,2002.0,5,2002,255900
985,1302,1734,10125,539,0,0,75.0,1977.0,8,1977,126000
986,1164,1164,10880,240,124,1164,68.0,1950.0,8,1950,125000
987,1001,1635,5310,255,485,485,59.0,1950.0,6,1910,117000
988,1940,1940,10159,606,284,1930,83.0,2010.0,4,2009,395192
989,1118,2030,12046,551,692,848,0.0,1976.0,6,1976,195000
990,778,1576,8125,614,770,770,65.0,2006.0,8,2006,197000
991,1407,2392,9452,870,322,1396,82.0,1997.0,6,1997,348000
992,916,1742,17671,424,700,916,121.0,1925.0,11,1882,168000
993,1020,1851,9760,440,169,822,80.0,1964.0,7,1964,187000
994,750,1500,8846,564,750,750,68.0,2005.0,8,2005,173900
995,1718,1718,12456,786,528,1700,96.0,2008.0,7,2006,337500
996,774,1230,4712,305,363,747,51.0,1946.0,8,1946,121600
997,1050,1050,10659,368,135,1050,0.0,1961.0,1,1961,136500
998,1442,1442,11717,615,1442,1442,0.0,1970.0,2,1970,185000
999,1077,1077,9786,210,1007,1007,60.0,1922.0,5,1922,91000
1000,1208,1208,6762,632,501,1187,64.0,2006.0,2,2006,206000
1001,944,944,10206,528,0,0,74.0,1956.0,7,1952,82000
1002,691,691,5400,216,691,691,60.0,1920.0,1,1920,86000
1003,1574,1574,11957,824,1550,1574,75.0,2006.0,7,2006,232000
1004,1680,1680,11500,528,1680,1680,0.0,1976.0,6,1976,136905
1005,1504,1504,3182,457,1330,1346,43.0,2005.0,5,2005,181000
1006,985,985,8385,328,390,985,65.0,1977.0,11,1977,149900
1007,1657,1657,12155,484,420,1657,0.0,1970.0,3,1970,163500
1008,546,1092,2217,286,0,546,21.0,1970.0,8,1970,88000
1009,1710,1710,12118,550,1710,1710,43.0,2004.0,4,2004,240000
1010,1008,1522,6000,0,1008,1008,60.0,1979.0,6,1926,102000
1011,720,1271,21286,312,720,720,115.0,1948.0,8,1948,135000
1012,1664,1664,9825,0,0,0,75.0,1979.0,5,1965,100000
1013,900,1502,10592,180,602,602,55.0,1923.0,8,1923,165000
1014,1022,1022,7200,280,310,1022,60.0,1956.0,6,1910,85000
1015,1082,1082,11664,240,746,1082,60.0,1948.0,11,1948,119200
1016,810,1665,8400,528,167,810,70.0,2001.0,11,2001,227000
1017,1504,1504,11883,478,814,1504,73.0,1996.0,6,1996,203000
1018,1360,1360,5814,565,184,1220,0.0,1984.0,8,1984,187500
1019,802,1472,10784,402,384,384,0.0,1991.0,5,1991,160000
1020,1506,1506,3013,440,1346,1362,43.0,2005.0,4,2005,213490
1021,1132,1132,7024,451,108,1132,60.0,2005.0,6,2005,176000
1022,1220,1220,7406,632,515,1199,64.0,2006.0,7,2006,194000
1023,912,1248,9439,160,588,912,52.0,1957.0,3,1930,87000
1024,1504,1504,3182,437,1330,1346,43.0,2005.0,5,2005,191000
1025,2898,2898,15498,665,0,1565,0.0,1976.0,5,1976,287000
1026,882,882,7700,461,276,882,70.0,1980.0,3,1972,112500
1027,1264,1264,9300,461,571,1268,73.0,1960.0,4,1960,167500
1028,1646,1646,9520,800,125,1638,71.0,2008.0,4,2007,293077
1029,968,1376,9492,240,359,768,79.0,1941.0,4,1941,105000
1030,672,1218,1680,264,355,672,21.0,1972.0,5,1972,118000
1031,948,1928,7082,0,686,686,0.0,1979.0,7,1916,160000
1032,1687,3082,15863,672,301,824,102.0,1970.0,8,1920,197000
1033,1352,2520,14541,796,326,1338,0.0,1993.0,11,1993,310000
1034,1654,1654,8125,900,668,1654,0.0,2002.0,2,2002,230000
1035,954,954,6305,240,920,920,50.0,1938.0,6,1938,119750
1036,845,845,11500,290,0,0,0.0,1957.0,1,1957,84000
1037,1620,1620,12898,912,598,1620,89.0,2008.0,9,2007,315500
1038,1055,2263,9240,905,1055,1055,0.0,2001.0,9,2001,287000
1039,798,1344,1533,0,546,546,21.0,1979.0,5,1970,97000
1040,630,630,1477,286,121,630,21.0,1970.0,4,1970,80000
1041,1803,1803,13125,484,284,1134,88.0,1957.0,1,1957,155000
1042,800,1632,9130,484,336,800,0.0,1966.0,7,1966,173000
1043,1306,1306,5381,624,406,1306,34.0,2005.0,8,2005,196000
1044,1532,2329,11839,514,390,1475,86.0,1990.0,5,1990,262280
1045,2524,2524,9600,542,1420,2524,80.0,1981.0,7,1981,278000
1046,1733,1733,13680,452,0,0,0.0,1955.0,6,1955,139600
1047,1992,2868,16056,716,1752,1992,85.0,2005.0,7,2005,556581
1048,990,990,9245,672,304,990,57.0,1996.0,2,1994,145000
1049,1771,1771,21750,336,0,0,100.0,1960.0,11,1960,115000
1050,930,930,11100,308,0,0,60.0,1946.0,4,1946,84900
1051,1302,1302,8993,436,1302,1302,73.0,2007.0,8,2007,176485
1052,1316,1316,11175,440,1316,1316,103.0,2007.0,10,2007,200141
1053,1127,1977,9500,540,374,816,100.0,1964.0,6,1964,165000
1054,1526,1526,8562,364,833,1216,68.0,1957.0,5,1957,144500
1055,1091,1989,11367,586,133,1065,90.0,2002.0,11,2002,255000
1056,1523,1523,11361,478,549,1193,104.0,1976.0,5,1976,180000
1057,1364,1364,7052,484,705,1364,43.0,2005.0,6,2005,185850
1058,979,1850,29959,467,378,973,0.0,1994.0,1,1994,248000
1059,1130,2184,11308,836,168,1104,96.0,2008.0,7,2008,335000
1060,1096,1991,11275,432,0,854,0.0,1977.0,3,1932,220000
1061,1338,1338,4920,582,722,1338,41.0,2001.0,4,2001,213500
1063,1422,2337,13600,560,662,662,85.0,1945.0,9,1900,90000
1064,1103,1103,6000,440,706,1103,50.0,1976.0,7,1925,110500
1065,1154,1154,11000,480,184,1154,0.0,1966.0,11,1966,154000
1066,1306,2260,14000,533,105,1306,80.0,1996.0,4,1996,328000
1067,799,1571,7837,380,799,799,59.0,1993.0,5,1993,178000
1068,798,1611,9760,442,0,780,80.0,1964.0,6,1964,167900
1069,1291,2521,3964,576,105,942,42.0,1973.0,6,1973,151400
1070,893,893,9600,576,625,845,60.0,1985.0,5,1949,135000
1071,1048,1048,10152,286,462,1048,72.0,1956.0,6,1956,135000
1072,829,1556,11700,441,429,727,78.0,1968.0,5,1968,154000
1073,1002,1456,7585,280,810,810,50.0,1954.0,8,1948,91500
1074,698,1426,7950,440,155,690,75.0,1977.0,7,1977,159500
1075,1240,1240,8556,826,1240,1240,74.0,2006.0,5,2006,194000
1076,960,1740,13125,240,390,800,75.0,1940.0,7,1940,219500
1077,1096,1466,10800,566,170,796,60.0,1950.0,4,1936,170000
1078,1096,1096,15870,299,230,1096,0.0,1969.0,3,1969,138800
1079,848,848,4435,420,186,848,37.0,2004.0,5,2004,155900
1080,990,990,8775,299,495,990,65.0,1996.0,4,1994,126000
1081,1258,1258,11040,528,602,1258,80.0,1971.0,10,1971,145000
1082,1040,1040,7500,308,216,1040,75.0,1963.0,6,1963,133000
1083,1459,1459,8749,527,1459,1459,70.0,2002.0,9,2002,192000
1084,1251,1251,8800,461,698,1251,80.0,1964.0,3,1964,160000
1085,691,1498,13031,409,99,691,0.0,1995.0,7,1995,187500
1086,996,996,9069,564,189,936,73.0,1992.0,4,1992,147000
1087,546,1092,1974,286,212,546,0.0,1973.0,5,1973,83500
1088,1082,1953,10574,1043,1082,1082,85.0,2005.0,5,2005,252000
1089,970,1709,2522,380,970,970,24.0,2004.0,4,2004,137500
1090,1247,1247,3316,550,208,1247,37.0,2005.0,4,2005,197000
1091,1040,1040,8544,400,0,0,60.0,1987.0,6,1950,92900
1092,624,1252,2160,462,90,600,24.0,1999.0,3,1999,160000
1093,1390,1694,8400,576,758,1181,60.0,1925.0,6,1925,136500
1094,1200,1200,9230,884,203,864,71.0,1977.0,10,1965,146000
1095,936,936,5868,308,448,936,74.0,1956.0,5,1956,129000
1096,1314,1314,9317,440,1290,1314,78.0,2006.0,3,2006,176432
1097,773,1355,6882,0,684,684,60.0,1979.0,3,1914,127000
1098,1088,1088,3696,461,1074,1074,0.0,1987.0,10,1986,170000
1099,757,1324,6000,240,0,672,50.0,1936.0,7,1936,128000
1100,1601,1601,11880,478,567,1271,82.0,1978.0,4,1978,157000
1101,438,438,8400,246,0,290,60.0,1930.0,1,1920,60000
1102,950,950,9758,280,251,950,61.0,1981.0,7,1971,119500
1103,1134,1134,7000,254,422,1010,70.0,1960.0,4,1960,135000
1104,1194,1194,8910,539,0,655,79.0,1954.0,7,1959,159500
1105,630,1302,2016,440,630,630,24.0,1970.0,4,1970,106000
1106,1500,2622,12256,712,431,1463,98.0,1994.0,4,1994,325000
1107,1442,1442,10357,719,172,910,114.0,1990.0,5,1990,179900
1108,887,2021,23257,422,868,868,168.0,2006.0,9,2006,274725
1109,948,1690,8063,463,924,924,0.0,2000.0,11,2000,181000
1110,1836,1836,11362,862,797,1836,107.0,2004.0,3,2004,280000
1111,773,1658,8000,431,554,773,0.0,1995.0,6,1995,188000
1112,1098,1964,10480,483,400,803,80.0,1976.0,9,1976,205000
1113,816,816,7100,308,108,816,73.0,1957.0,7,1957,129900
1114,1008,1008,8923,240,365,1008,66.0,1953.0,5,1953,134500
1115,833,833,5400,326,418,833,90.0,1955.0,8,1954,117000
1116,1734,1734,12085,928,730,1734,93.0,2007.0,11,2007,318000
1117,779,1419,7750,527,55,408,0.0,2002.0,3,2002,184100
1118,894,894,9764,450,192,894,57.0,1967.0,5,1967,130000
1119,1021,1601,13825,300,533,533,85.0,1958.0,12,1958,140000
1120,1040,1040,7560,286,671,1040,70.0,1959.0,7,1959,133700
1121,1012,1012,8263,308,1012,1012,59.0,1920.0,5,1920,118400
1122,1552,1552,10084,782,1528,1552,84.0,2005.0,7,2005,212900
1123,960,960,8926,288,672,672,0.0,1956.0,10,1956,112000
1124,698,698,9405,0,698,698,50.0,1979.0,6,1947,118000
1125,812,1482,9125,392,384,384,0.0,1992.0,7,1992,163900
1126,1005,1005,10434,672,1005,1005,60.0,1977.0,11,1955,115000
1127,1555,1555,3684,660,1373,1373,53.0,2007.0,6,2007,174000
1128,1530,1530,14572,630,230,1530,182.0,2004.0,11,2004,259000
1129,847,1959,11796,434,847,847,59.0,2004.0,7,2004,215000
1130,936,936,7200,672,0,936,60.0,1980.0,8,1980,140000
1131,1328,1981,7804,576,500,1122,65.0,1981.0,12,1928,135000
1132,974,974,10712,0,762,974,63.0,1979.0,9,1991,93500
1133,1178,2210,9900,205,1008,1008,90.0,1930.0,5,1880,117500
1134,1142,2020,9828,466,544,1128,80.0,1995.0,6,1995,239500
1135,916,1600,8773,460,916,916,57.0,1997.0,8,1997,169000
1136,986,986,6180,180,960,960,60.0,1926.0,5,1926,102000
1137,1032,1252,9600,288,752,1032,80.0,1950.0,4,1950,119000
1138,780,1020,6342,0,780,780,54.0,1979.0,5,1875,94000
1139,1567,1567,9819,714,0,1567,0.0,1977.0,5,1977,196000
1140,1167,1167,8731,495,270,915,98.0,1972.0,5,1920,144000
1141,952,952,7350,840,100,952,60.0,1988.0,6,1951,139000
1142,1088,1868,10304,484,399,780,0.0,1976.0,10,1976,197500
1143,1466,2828,9965,1052,316,1466,77.0,2006.0,4,2006,424870
1144,1006,1006,9000,0,718,1006,0.0,1979.0,7,1959,80000
1145,672,924,12180,280,324,672,60.0,1941.0,7,1941,80000
1146,1042,1576,6240,225,1042,1042,52.0,1928.0,8,1928,149000
1147,1298,1298,11200,403,40,1298,0.0,1985.0,5,1985,180000
1148,860,1564,12000,234,429,704,75.0,1941.0,7,1941,174500
1149,572,1111,5700,288,572,572,0.0,1982.0,8,1926,116900
1150,832,1482,9000,324,26,650,50.0,1930.0,7,1920,143000
1151,932,932,8280,306,932,932,57.0,1950.0,11,1950,124000
1152,1466,1466,17755,528,1290,1466,134.0,1959.0,11,1959,149900
1153,1811,1811,14115,470,230,1073,90.0,1956.0,7,1956,230000
1154,816,816,5890,432,278,816,0.0,2002.0,6,1930,120500
1155,902,1820,13700,492,410,864,0.0,1965.0,5,1965,201800
1156,1437,1437,10768,528,280,1437,90.0,1976.0,7,1976,218000
1157,1265,1265,9350,502,586,1219,85.0,1965.0,10,1965,179900
1158,1314,1314,5001,626,410,1314,34.0,2008.0,7,2007,230000
1159,1580,1580,11932,830,1580,1580,92.0,2008.0,6,2007,235128
1160,943,1876,9120,540,459,901,76.0,1974.0,7,1974,185000
1161,855,1456,2280,440,544,855,24.0,1978.0,7,1978,146000
1162,1640,1640,14778,924,568,1296,0.0,1993.0,11,1954,224000
1163,894,894,8724,450,402,894,109.0,1968.0,5,1968,129000
1164,1258,1258,12900,400,0,1198,60.0,1969.0,1,1969,108959
1165,1432,1432,16157,588,289,1360,0.0,1978.0,6,1978,194000
1166,1502,1502,9541,644,1502,1502,79.0,2009.0,9,2009,233170
1167,1694,1694,10475,776,1694,1694,64.0,2008.0,2,2008,245350
1168,959,1671,10852,472,173,959,58.0,2000.0,2,2000,173000
1169,1236,2108,13728,540,501,1127,120.0,1935.0,7,1935,235000
1170,1831,3627,35760,807,543,1930,118.0,1995.0,7,1995,625000
1171,1118,1118,9880,358,574,1096,76.0,1977.0,7,1977,171000
1172,1261,1261,9120,433,599,1261,76.0,1958.0,11,1958,163000
1173,625,1250,4017,625,625,625,35.0,2006.0,3,2006,171900
1174,1636,3086,18030,0,977,1598,138.0,1979.0,3,1946,200500
1175,1170,2345,16560,360,449,952,80.0,1932.0,7,1932,239000
1176,2129,2872,10678,541,983,1683,85.0,1992.0,4,1992,285000
1177,923,923,6951,264,218,876,37.0,1984.0,10,1984,119500
1178,818,1224,3950,210,350,818,0.0,1926.0,12,1926,115000
1179,820,1343,7681,186,731,731,54.0,1921.0,7,1921,154900
1180,1124,1124,8335,0,0,0,77.0,1979.0,4,1954,93000
1181,1298,2514,11170,693,0,1216,0.0,1990.0,4,1990,250000
1182,1652,1652,5587,482,120,1600,64.0,2008.0,11,2008,392500
1183,2411,4476,15623,813,300,2396,160.0,1996.0,7,1996,745000
1184,1130,1130,10800,720,299,1120,60.0,1970.0,6,1920,120000
1185,1572,1572,35133,995,413,1572,50.0,1963.0,5,1963,186700
1186,949,1221,9738,392,392,784,60.0,1965.0,3,1924,104900
1187,1014,1699,10615,420,538,978,107.0,1920.0,8,1900,95000
1188,1624,1624,12461,757,168,1624,89.0,1994.0,7,1994,262000
1189,831,1660,8935,493,831,831,68.0,2002.0,7,2002,195000
1190,1028,1804,7500,442,994,994,60.0,1999.0,6,1999,189000
1191,1622,1622,32463,1356,90,1249,0.0,1975.0,3,1961,168000
1192,764,1441,2645,492,776,776,24.0,1999.0,11,1999,174000
1193,842,1472,9600,250,702,702,60.0,1925.0,7,1925,125000
1194,1224,1224,4500,402,341,1224,0.0,1999.0,6,1999,165000
1195,663,1352,9364,299,292,663,80.0,1969.0,3,1969,158000
1196,728,1456,8029,400,728,728,51.0,2005.0,7,2005,176000
1197,879,1863,14054,660,879,879,58.0,2006.0,11,2006,219210
1198,815,1690,8850,225,815,815,65.0,1916.0,7,1916,144000
1199,1212,1212,9100,573,1212,1212,70.0,2001.0,6,2001,178000
1200,1382,1382,11235,459,504,1051,75.0,1974.0,10,1963,148000
1201,864,864,9353,280,864,864,71.0,1972.0,7,1970,116050
1202,866,1779,10400,546,866,866,80.0,1998.0,3,1998,197900
1203,884,1348,6000,216,884,884,50.0,1960.0,5,1925,117000
1204,1630,1630,9750,451,1630,1630,75.0,2000.0,10,2000,213000
1205,1074,1074,10140,495,268,1056,78.0,1975.0,7,1975,153500
1206,2196,2196,14684,701,1496,2158,90.0,1990.0,6,1990,271900
1207,1056,1056,8900,384,0,1056,0.0,1966.0,11,1966,107000
1208,1700,1700,9135,544,1342,1682,70.0,2003.0,5,2003,200000
1209,1283,1283,7763,506,319,931,70.0,1980.0,10,1962,140000
1210,1660,1660,10182,500,440,1660,85.0,2006.0,5,2006,290000
1211,1055,1845,11218,462,1055,1055,70.0,1992.0,5,1992,189000
1212,1080,1752,12134,492,132,559,152.0,1988.0,6,1988,164000
1213,672,672,9340,234,328,672,50.0,1941.0,8,1941,113000
1214,960,960,10246,364,0,648,0.0,1965.0,5,1965,145000
1215,999,999,10205,300,141,925,69.0,1962.0,5,1962,134500
1216,894,894,7094,384,340,894,99.0,1966.0,5,1966,125000
1217,1318,1902,8930,539,0,0,68.0,1978.0,4,1978,112000
1218,1314,1314,8640,552,364,1300,72.0,2009.0,9,2009,229456
1219,672,912,6240,0,0,0,52.0,1979.0,7,1947,80500
1220,672,1218,1680,0,672,672,21.0,1979.0,4,1971,91500
1221,912,912,7800,288,0,912,66.0,1964.0,11,1964,115000
1222,1211,1211,8250,322,210,952,55.0,1968.0,8,1968,134000
1223,1168,1846,10496,315,844,1040,78.0,1949.0,1,1949,143000
1224,2136,2136,10680,528,1380,2136,89.0,1951.0,10,1951,137900
1225,788,1490,15384,388,64,788,60.0,2004.0,2,2004,184000
1226,1138,1138,10482,264,81,588,65.0,1958.0,6,1958,145000
1227,894,1933,14598,668,894,894,86.0,2007.0,1,2007,214000
1228,912,912,8872,576,317,912,72.0,1992.0,12,1965,147000
1229,1702,1702,8769,1052,162,1702,65.0,2008.0,10,2008,367294
1230,1507,1507,7910,404,409,1075,70.0,1960.0,8,1960,127000
1231,1361,2620,18890,600,652,1361,0.0,1977.0,8,1977,190000
1232,1190,1190,7728,540,303,1106,70.0,1962.0,5,1962,132500
1233,1224,1224,9842,462,0,0,70.0,1962.0,3,1962,101800
1234,1188,1188,12160,531,188,1188,0.0,1959.0,5,1959,142000
1235,1024,1964,8525,0,940,940,55.0,1979.0,11,1911,130000
1236,892,1784,13132,180,747,747,96.0,1914.0,7,1914,138887
1237,764,1626,2628,474,764,764,36.0,2003.0,6,2003,175500
1238,847,1948,12393,434,847,847,41.0,2004.0,9,2004,195000
1239,1141,1141,13072,484,1141,1141,63.0,2005.0,3,2005,142500
1240,1484,1484,9037,472,1048,1476,64.0,2006.0,12,2006,265900
1241,884,1768,8158,543,334,884,65.0,2003.0,7,2003,224900
1242,1689,1689,9849,954,1689,1689,83.0,2007.0,6,2007,248328
1243,1173,1173,10625,528,0,1053,85.0,1974.0,1,1974,170000
1244,2076,2076,13891,850,690,2076,107.0,2006.0,9,2006,465000
1245,792,1517,11435,400,792,792,0.0,1931.0,6,1929,230000
1246,1140,1868,12090,477,585,585,78.0,1984.0,1,1984,178000
1247,756,1553,8125,615,756,756,65.0,2005.0,3,2005,186500
1248,1034,1034,12328,888,473,1012,0.0,1976.0,5,1976,169900
1249,1134,2058,9600,396,416,735,60.0,1950.0,4,1917,129500
1250,988,988,7200,276,246,876,60.0,1950.0,5,1950,119000
1251,2110,2110,11160,522,1045,2110,93.0,1968.0,4,1968,244000
1252,1405,1405,3136,478,1405,1405,0.0,2003.0,3,2003,171750
1253,874,874,9858,288,354,864,62.0,1968.0,11,1968,130000
1254,1516,2167,17542,518,36,1192,0.0,1974.0,7,1974,294000
1255,760,1656,6931,397,746,746,60.0,2003.0,7,2003,165400
1256,959,1367,6240,560,459,884,52.0,1978.0,11,1931,127500
1257,1987,1987,14303,691,672,1986,91.0,1994.0,8,1994,301500
1258,864,864,4060,0,864,864,56.0,1979.0,7,1922,99900
1259,1166,1166,9587,400,201,856,59.0,2005.0,7,2005,190000
1260,1054,1054,9750,460,14,1054,65.0,1969.0,7,1969,151000
1261,892,1675,24682,502,841,841,0.0,1999.0,6,1999,181000
1262,1050,1050,9600,338,546,1050,80.0,1956.0,6,1956,128900
1263,1104,1788,11250,304,1104,1104,0.0,1957.0,11,1957,161500
1264,1060,1824,13515,520,764,764,60.0,1940.0,7,1919,180500
1265,1337,1337,4060,511,1139,1405,34.0,1998.0,8,1998,181000
1266,713,1452,3735,506,241,691,35.0,1999.0,3,1999,183900
1267,964,1889,10120,308,925,925,60.0,1960.0,1,1910,122000
1268,2018,2018,13214,746,2002,2002,89.0,2009.0,5,2008,378500
1269,1968,3447,14100,1014,536,728,0.0,1982.0,5,1935,381000
1270,874,1524,11344,315,414,874,78.0,1958.0,7,1958,144000
1271,1332,1524,23595,586,74,1332,0.0,1979.0,4,1979,260000
1272,1489,1489,9156,462,1489,1489,0.0,1968.0,8,1968,185750
1273,935,935,13526,288,0,935,0.0,1965.0,11,1965,137000
1274,1357,1357,11512,312,300,1019,124.0,1959.0,5,1959,177000
1275,661,1250,5362,552,661,661,53.0,1985.0,11,1910,139000
1276,928,1920,11345,400,708,928,95.0,1948.0,7,1948,137000
1277,735,1395,12936,497,130,723,0.0,1972.0,12,1972,162000
1278,1724,1724,17871,480,1152,1680,0.0,1967.0,6,1967,197900
1279,1128,2031,9473,577,324,1128,75.0,2002.0,3,2002,237000
1281,1573,1573,9808,544,785,1573,67.0,2002.0,3,2002,227000
1282,1339,1339,8049,484,256,1309,50.0,1990.0,7,1990,180000
1283,1040,1040,8800,484,364,1040,61.0,1977.0,9,1977,150500
1284,912,1824,9400,0,912,912,94.0,1979.0,4,1971,139000
1285,1699,2447,9638,336,804,804,50.0,1969.0,3,1919,169000
1286,825,1412,6000,280,780,780,50.0,1939.0,5,1939,132500
1287,1328,1328,9790,528,678,1328,0.0,1963.0,6,1963,143000
1288,1582,1582,36500,390,812,1624,0.0,1964.0,6,1964,190000
1289,1659,1659,5664,499,343,1501,40.0,2000.0,10,2000,278000
1290,1120,1970,11065,753,1085,1085,86.0,2006.0,10,2006,281000
1291,1152,1152,14112,484,138,1152,0.0,1964.0,4,1964,180500
1292,630,1302,1680,264,399,630,21.0,1972.0,2,1972,119500
1293,1378,2372,6600,432,994,994,60.0,1985.0,12,1892,107500
1294,832,1664,10140,528,638,832,78.0,1976.0,3,1976,162900
1295,864,864,8172,572,697,864,60.0,1957.0,4,1955,115000
1296,1052,1052,8400,288,36,1052,70.0,1968.0,11,1968,138500
1297,1128,1128,8700,525,344,1120,80.0,1963.0,12,1963,155000
1298,1072,1072,3675,525,0,547,35.0,2005.0,6,2005,140000
1299,4692,5642,63887,1418,466,6110,313.0,2008.0,1,2008,160000
1300,1246,1246,7500,305,0,1246,75.0,1959.0,5,1959,154000
1301,1005,1983,10762,490,284,978,0.0,1999.0,5,1999,225000
1302,753,1494,7500,213,224,771,0.0,1942.0,11,1942,177500
1303,1203,2526,10120,844,425,1165,92.0,1994.0,12,1994,290000
1304,1616,1616,8688,834,1616,1616,73.0,2005.0,4,2005,232000
1305,976,1708,3363,380,976,976,32.0,2004.0,4,2004,130000
1306,1652,1652,13173,840,80,1652,108.0,2006.0,11,2006,325000
1307,1368,1368,6955,474,1368,1368,48.0,2005.0,9,2005,202500
1308,990,990,8072,480,244,990,60.0,2000.0,5,1994,138000
1309,1122,1122,12000,528,172,924,100.0,1948.0,5,1948,147000
1310,1294,1294,7153,496,78,1278,0.0,1991.0,6,1991,179200
1311,1902,1902,17500,567,496,1902,100.0,1959.0,5,1959,335000
1312,1274,1274,8814,508,349,1274,68.0,2005.0,1,2005,203000
1313,1453,2810,9572,750,971,1453,0.0,1990.0,6,1990,302000
1314,1422,2599,14774,779,1393,1393,108.0,1999.0,5,1999,333168
1315,948,948,8190,280,216,948,60.0,1956.0,10,1954,119000
1316,1092,2112,11075,576,176,952,85.0,1969.0,6,1969,206900
1317,1630,1630,10226,860,1622,1622,61.0,2008.0,1,2008,295493
1318,1352,1352,4230,466,1352,1352,47.0,2006.0,4,2006,208900
1319,1787,1787,14781,748,1753,1753,0.0,2001.0,8,2001,275000
1320,948,948,10215,248,372,864,75.0,1954.0,2,1954,111000
1321,1478,1478,8400,442,628,1478,70.0,1957.0,6,1957,156500
1322,720,720,6627,287,0,0,0.0,1955.0,7,1949,72500
1323,1061,1923,10186,564,76,750,107.0,1992.0,6,1992,190000
1324,708,708,5330,0,140,420,50.0,1979.0,12,1940,82500
1325,1795,1795,9986,895,1795,1795,75.0,2007.0,2,2006,147000
1326,796,796,3636,0,796,796,40.0,1979.0,1,1922,55000
1327,774,774,4270,0,0,544,70.0,1979.0,5,1931,79000
1328,816,816,6600,264,175,816,60.0,1982.0,10,1982,130500
1329,1584,2792,10440,520,1017,1510,60.0,1920.0,6,1920,256000
1330,955,1632,9084,462,935,935,63.0,1998.0,6,1998,176500
1331,1588,1588,10000,825,1588,1588,85.0,2006.0,12,2006,227000
1332,954,954,10780,576,428,911,55.0,1976.0,7,1976,132500
1333,816,816,8877,288,126,816,67.0,1958.0,5,1938,100000
1334,803,1360,7200,297,803,803,60.0,1951.0,7,1938,125500
1335,765,1365,2368,440,0,765,24.0,1970.0,5,1970,125000
1336,1334,1334,9650,630,664,1350,80.0,1977.0,4,1977,167900
1337,1656,1656,9246,506,1656,1656,87.0,1973.0,11,1973,135000
1338,693,693,4118,0,693,693,153.0,1979.0,3,1941,52500
1339,920,1861,13450,492,216,916,95.0,2002.0,6,2002,200000
1340,864,864,9560,288,504,864,120.0,1972.0,6,1972,128500
1341,872,872,8294,480,858,858,70.0,1974.0,6,1971,123000
1342,1114,1114,13695,576,300,1114,66.0,2004.0,7,2003,155000
1343,1284,2169,9375,647,1284,1284,0.0,2002.0,8,2002,228500
1344,1172,1913,7558,342,896,896,57.0,1929.0,3,1928,177000
1345,728,1456,11103,440,728,728,85.0,2006.0,7,2006,155835
1346,960,960,6000,308,710,960,50.0,1997.0,7,1920,108500
1347,2156,2156,20781,508,1203,1568,0.0,1968.0,6,1968,262500
1348,1776,1776,15306,712,1652,1732,93.0,2006.0,5,2006,283463
1349,1494,1494,16196,514,39,1482,0.0,1998.0,8,1998,215000
1350,938,2358,5250,0,425,684,50.0,1979.0,12,1872,122000
1351,1338,2634,11643,968,748,1248,91.0,1969.0,8,1969,200000
1352,858,1716,9247,490,539,858,70.0,1962.0,3,1962,171000
1353,786,1176,6000,624,698,698,50.0,1999.0,7,1937,134900
1354,2053,3238,14720,666,1217,2033,56.0,1996.0,3,1995,410000
1355,992,1865,10316,839,257,992,0.0,2000.0,6,2000,235000
1356,1222,1920,10192,487,570,570,102.0,1968.0,9,1968,170000
1357,892,892,9477,264,524,864,0.0,1966.0,10,1966,110000
1358,1078,1078,12537,500,344,1078,0.0,1971.0,4,1971,149900
1359,769,1573,2117,440,378,756,0.0,2000.0,6,2000,177500
1360,1980,1980,16737,770,533,1980,129.0,2004.0,9,2004,315000
1361,990,2601,9842,621,612,612,51.0,1998.0,5,1921,189000
1362,1530,1530,16158,430,256,1530,124.0,2005.0,6,2005,260000
1363,1281,1738,12513,368,715,715,0.0,1920.0,6,1920,104900
1364,616,1412,8499,432,616,616,73.0,2007.0,3,2006,156932
1365,520,1200,3180,480,600,600,30.0,2005.0,4,2005,144152
1366,814,1674,7500,663,281,814,0.0,2000.0,1,2000,216000
1367,882,1790,9179,588,240,873,68.0,1999.0,6,1999,193000
1368,925,1475,2665,336,36,757,41.0,1977.0,7,1977,127000
1369,848,848,4435,420,163,848,0.0,2003.0,6,2003,144000
1370,1668,1668,10635,502,315,1657,48.0,2003.0,5,2003,232000
1371,840,1374,5400,338,420,840,90.0,1967.0,10,1920,105000
1372,1661,1661,9600,377,161,992,80.0,1955.0,10,1955,165500
1373,1108,2097,9750,583,133,1108,75.0,1998.0,6,1998,274300
1374,2633,2633,11400,804,1351,2633,0.0,2001.0,3,2001,466500
1375,1026,1958,10625,936,1026,1026,85.0,2005.0,7,2005,250000
1376,1571,1571,10991,722,1571,1571,89.0,2007.0,12,2007,239000
1377,790,790,6292,160,384,768,52.0,1925.0,4,1930,91000
1378,984,1604,10998,660,156,984,60.0,1977.0,7,1941,117000
1379,483,987,1953,264,174,483,21.0,1973.0,6,1973,83000
1380,754,1394,9735,400,384,384,73.0,2007.0,5,2006,167500
1381,864,864,8212,200,661,864,45.0,1938.0,6,1914,58500
1382,2117,2117,12925,550,340,1205,0.0,1970.0,5,1970,237500
1383,998,1762,7200,576,596,596,60.0,1989.0,10,1920,157000
1384,1416,1416,25339,576,816,816,0.0,2007.0,8,1918,112000
1385,698,1258,9060,280,356,560,60.0,1939.0,10,1939,105000
1386,796,1154,5436,240,61,796,40.0,1922.0,5,1922,125500
1387,1392,2784,16692,564,133,1392,80.0,1978.0,7,1978,250000
1388,1664,2526,8520,216,0,714,60.0,1916.0,8,1916,136000
1389,1746,1746,14892,758,426,1746,42.0,2006.0,10,2006,377500
1390,869,1218,6000,440,360,735,60.0,2003.0,3,1941,131000
1391,1525,1525,9100,541,125,1525,70.0,2000.0,9,2000,235000
1392,1584,1584,8944,792,1584,1584,65.0,1967.0,4,1967,124000
1393,900,900,7838,288,95,864,68.0,1967.0,12,1967,123000
1394,1221,1912,10800,672,482,482,60.0,2003.0,4,1905,163000
1395,1500,1500,4045,648,286,1356,53.0,2006.0,10,2006,246578
1396,1133,2482,12665,642,1094,1094,88.0,2005.0,2,2005,281213
1397,1687,1687,57200,572,60,747,0.0,1966.0,6,1948,160000
1398,939,1513,6120,180,939,939,51.0,1933.0,5,1920,137500
1399,1136,1904,7200,240,676,1208,60.0,1950.0,5,1950,138000
1400,1160,1608,6171,216,712,976,51.0,1925.0,10,1925,137450
1401,950,1158,6000,208,862,862,50.0,1929.0,7,1929,120000
1402,864,1593,7415,398,80,839,62.0,2004.0,4,2004,193000
1403,1294,1294,6762,662,1286,1286,64.0,2006.0,7,2006,193879
1404,1464,1464,15256,754,556,1485,49.0,2007.0,8,2007,282922
1405,694,1214,10410,936,672,672,60.0,1998.0,1,1915,105000
1406,1646,1646,3842,482,221,1594,44.0,2004.0,1,2004,275000
1407,768,768,8445,396,112,768,70.0,1988.0,3,1972,133000
1408,833,833,8780,0,208,833,0.0,1979.0,3,1985,112000
1409,741,1363,7740,528,622,622,60.0,1966.0,6,1910,125500
1410,1236,2093,20544,542,791,791,46.0,1986.0,11,1986,215000
1411,944,1840,12420,622,278,944,79.0,2001.0,6,2001,230000
1412,1112,1668,9600,271,736,856,80.0,1950.0,9,1950,140000
1413,1040,1040,7200,420,0,0,60.0,1956.0,6,1949,90000
1414,1844,1844,10994,620,868,1844,88.0,2005.0,9,2005,257000
1415,1053,1848,13053,370,833,833,64.0,1922.0,6,1923,207000
1416,1569,1569,3635,660,398,1386,51.0,2007.0,5,2007,175900
1417,1246,2290,11340,560,777,777,60.0,1971.0,4,1885,122500
1418,1310,2450,16545,1069,503,1284,0.0,1998.0,5,1998,340000
1419,1144,1144,9204,336,247,1144,71.0,1962.0,8,1963,124000
1420,1844,1844,16381,540,734,1844,0.0,1969.0,12,1969,223000
1421,708,1416,11700,776,304,708,90.0,1968.0,5,1968,179900
1422,1069,1069,4043,440,709,1069,53.0,1977.0,7,1977,127500
1423,848,848,4435,420,162,848,37.0,2003.0,3,2003,136500
1424,1575,2201,19690,432,697,697,0.0,1966.0,8,1966,274970
1425,1344,1344,9503,484,193,1024,0.0,1970.0,6,1958,144000
1426,1252,1252,10721,528,1252,1252,80.0,1960.0,10,1959,142000
1427,1223,2127,10944,525,223,1223,81.0,1994.0,8,1994,271000
1428,1048,1558,10930,288,333,913,60.0,1962.0,4,1945,140000
1429,804,804,7200,240,278,788,60.0,1940.0,2,1940,119000
1430,1440,1440,12546,467,762,1440,0.0,1981.0,4,1981,182900
1431,734,1838,21930,372,732,732,60.0,2005.0,7,2005,192140
1432,958,958,4928,440,0,958,0.0,1976.0,10,1976,143750
1433,968,968,10800,216,656,656,60.0,1928.0,8,1927,64500
1434,962,1792,10261,451,936,936,93.0,2000.0,5,2000,186500
1435,1126,1126,17400,484,190,1126,80.0,1977.0,5,1977,160000
1436,1537,1537,8400,462,1319,1319,80.0,1962.0,7,1962,174000
1437,864,864,9000,528,248,864,60.0,1974.0,5,1971,120500
1438,1932,1932,12444,774,596,1932,96.0,2008.0,11,2008,394617
1439,1236,1236,7407,923,312,912,90.0,1957.0,4,1957,149700
1440,1040,1725,11584,550,114,539,80.0,1979.0,11,1979,197000
1441,1423,2555,11526,672,588,588,79.0,1993.0,9,1922,191000
1442,848,848,4426,420,151,848,0.0,2004.0,5,2004,149300
1443,1026,2007,11003,812,252,1017,85.0,2008.0,4,2008,310000
1444,952,952,8854,192,952,952,0.0,1916.0,5,1916,121000
1445,1422,1422,8500,626,1422,1422,63.0,2004.0,11,2004,179600
1446,913,913,8400,240,0,814,70.0,1990.0,5,1966,129000
1447,1188,1188,26142,312,595,1188,0.0,1962.0,4,1962,157900
1448,1220,2090,10000,556,141,1220,80.0,1995.0,12,1995,240000
1449,796,1346,11767,384,560,560,70.0,1950.0,5,1910,112000
1450,630,630,1533,0,77,630,21.0,1979.0,8,1970,92000
1451,896,1792,9000,0,896,896,60.0,1979.0,9,1974,136000
1452,1578,1578,9262,840,1573,1573,78.0,2008.0,5,2008,287090
1453,1072,1072,3675,525,0,547,35.0,2005.0,5,2005,145000
1454,1140,1140,17217,0,1140,1140,90.0,1979.0,7,2006,84500
1455,1221,1221,7500,400,811,1221,62.0,2004.0,10,2004,185000
1456,953,1647,7917,460,953,953,62.0,1999.0,8,1999,175000
1457,2073,2073,13175,500,589,1542,85.0,1978.0,2,1978,210000
1458,1188,2340,9042,252,877,1152,66.0,1941.0,5,1941,266500
1459,1078,1078,9717,240,0,1078,68.0,1950.0,4,1950,142125
1460,1256,1256,9937,276,136,1256,75.0,1965.0,6,1965,147500
